strategy,removed,remaining_giant_fraction,lower,upper
Degree (static),0,1.0,,
Degree (static),1,0.9783393501805054,,
Degree (static),2,0.9747292418772563,,
Degree (static),3,0.9675090252707581,,
Degree (static),4,0.9566787003610109,,
Degree (static),5,0.9458483754512635,,
Degree (static),6,0.9422382671480144,,
Degree (static),7,0.9386281588447654,,
Degree (static),8,0.9350180505415162,,
Degree (static),9,0.9314079422382672,,
Degree (static),10,0.924187725631769,,
Degree (static),11,0.9205776173285198,,
Degree (static),12,0.9133574007220217,,
Degree (static),13,0.9097472924187726,,
Degree (static),14,0.9025270758122743,,
Degree (static),15,0.8989169675090253,,
Degree (static),16,0.8953068592057761,,
Degree (static),17,0.8880866425992779,,
Degree (static),18,0.8844765342960289,,
Degree (static),19,0.8700361010830325,,
Degree (static),20,0.8664259927797834,,
Degree (static),21,0.851985559566787,,
Degree (static),22,0.8483754512635379,,
Degree (static),23,0.8339350180505415,,
Degree (static),24,0.8303249097472925,,
Degree (static),25,0.8231046931407943,,
Degree (static),26,0.8194945848375451,,
Degree (static),27,0.8158844765342961,,
Degree (static),28,0.8122743682310469,,
Degree (static),29,0.8086642599277978,,
Degree (static),30,0.8014440433212996,,
Degree (static),31,0.7978339350180506,,
Degree (static),32,0.7870036101083032,,
Degree (static),33,0.779783393501805,,
Degree (static),34,0.776173285198556,,
Degree (static),35,0.7725631768953068,,
Degree (static),36,0.7617328519855595,,
Degree (static),37,0.7581227436823105,,
Degree (static),38,0.7545126353790613,,
Degree (static),39,0.7509025270758123,,
Degree (static),40,0.7436823104693141,,
Degree (static),41,0.7364620938628159,,
Degree (static),42,0.7292418772563177,,
Degree (static),43,0.7256317689530686,,
Degree (static),44,0.7184115523465704,,
Degree (static),45,0.7148014440433214,,
Degree (static),46,0.7111913357400722,,
Degree (static),47,0.7075812274368231,,
Degree (static),48,0.703971119133574,,
Degree (static),49,0.6967509025270758,,
Degree (static),50,0.6931407942238267,,
Degree (static),51,0.6859205776173285,,
Degree (static),52,0.6823104693140795,,
Degree (static),53,0.6750902527075813,,
Degree (static),54,0.6714801444043321,,
Degree (static),55,0.6678700361010831,,
Degree (static),56,0.6642599277978339,,
Degree (static),57,0.6534296028880866,,
Degree (static),58,0.6462093862815884,,
Degree (static),59,0.6425992779783394,,
Degree (static),60,0.6389891696750902,,
Degree (static),61,0.6353790613718412,,
Degree (static),62,0.631768953068592,,
Degree (static),63,0.6245487364620939,,
Degree (static),64,0.6173285198555957,,
Degree (static),65,0.6137184115523465,,
Degree (static),66,0.6101083032490975,,
Degree (static),67,0.6028880866425993,,
Degree (static),68,0.5884476534296029,,
Degree (static),69,0.5812274368231047,,
Degree (static),70,0.5776173285198556,,
Degree (static),71,0.5740072202166066,,
Degree (static),72,0.5703971119133574,,
Degree (static),73,0.5667870036101083,,
Degree (static),74,0.5631768953068592,,
Degree (static),75,0.5595667870036101,,
Degree (static),76,0.555956678700361,,
Degree (static),77,0.5487364620938628,,
Degree (static),78,0.5090252707581228,,
Degree (static),79,0.5018050541516246,,
Degree (static),80,0.5018050541516246,,
Degree (static),81,0.49097472924187724,,
Degree (static),82,0.47653429602888087,,
Degree (static),83,0.4620938628158845,,
Degree (static),84,0.4584837545126354,,
Degree (static),85,0.45126353790613716,,
Degree (static),86,0.4368231046931408,,
Degree (static),87,0.4151624548736462,,
Degree (static),88,0.41155234657039713,,
Degree (static),89,0.36823104693140796,,
Degree (static),90,0.36823104693140796,,
Degree (static),91,0.3574007220216607,,
Degree (static),92,0.35379061371841153,,
Degree (static),93,0.35379061371841153,,
Degree (static),94,0.35379061371841153,,
Degree (static),95,0.33574007220216606,,
Degree (static),96,0.33574007220216606,,
Degree (static),97,0.33212996389891697,,
Degree (static),98,0.3285198555956679,,
Degree (static),99,0.3176895306859206,,
Degree (static),100,0.2779783393501805,,
Degree (static),101,0.26714801444043323,,
Degree (static),102,0.24548736462093862,,
Degree (static),103,0.23465703971119134,,
Degree (static),104,0.23465703971119134,,
Degree (static),105,0.23465703971119134,,
Degree (static),106,0.20577617328519857,,
Degree (static),107,0.20577617328519857,,
Degree (static),108,0.20216606498194944,,
Degree (static),109,0.1444043321299639,,
Degree (static),110,0.1444043321299639,,
Degree (static),111,0.1444043321299639,,
Degree (static),112,0.1444043321299639,,
Degree (static),113,0.11552346570397112,,
Degree (static),114,0.11552346570397112,,
Degree (static),115,0.11552346570397112,,
Degree (static),116,0.11552346570397112,,
Degree (static),117,0.09747292418772563,,
Degree (static),118,0.09747292418772563,,
Degree (static),119,0.09747292418772563,,
Degree (static),120,0.09747292418772563,,
Degree (static),121,0.09747292418772563,,
Degree (static),122,0.09747292418772563,,
Degree (static),123,0.09747292418772563,,
Degree (static),124,0.09747292418772563,,
Degree (static),125,0.05415162454873646,,
Degree (static),126,0.05415162454873646,,
Degree (static),127,0.05415162454873646,,
Degree (static),128,0.05415162454873646,,
Degree (static),129,0.05415162454873646,,
Degree (static),130,0.05415162454873646,,
Degree (static),131,0.05415162454873646,,
Degree (static),132,0.02888086642599278,,
Degree (static),133,0.02888086642599278,,
Degree (static),134,0.02888086642599278,,
Degree (static),135,0.02888086642599278,,
Degree (static),136,0.02888086642599278,,
Degree (static),137,0.02888086642599278,,
Degree (static),138,0.02888086642599278,,
Degree (static),139,0.02888086642599278,,
Degree (static),140,0.02888086642599278,,
Degree (static),141,0.02527075812274368,,
Degree (static),142,0.02527075812274368,,
Degree (static),143,0.02527075812274368,,
Degree (static),144,0.02527075812274368,,
Degree (static),145,0.02527075812274368,,
Degree (static),146,0.02527075812274368,,
Degree (static),147,0.02527075812274368,,
Degree (static),148,0.02527075812274368,,
Degree (static),149,0.02527075812274368,,
Degree (static),150,0.02527075812274368,,
Degree (static),151,0.02527075812274368,,
Degree (static),152,0.02527075812274368,,
Degree (static),153,0.02527075812274368,,
Degree (static),154,0.02527075812274368,,
Degree (static),155,0.02527075812274368,,
Degree (static),156,0.02527075812274368,,
Degree (static),157,0.01444043321299639,,
Degree (static),158,0.01444043321299639,,
Degree (static),159,0.01444043321299639,,
Degree (static),160,0.01444043321299639,,
Degree (static),161,0.01444043321299639,,
Degree (static),162,0.01444043321299639,,
Degree (static),163,0.010830324909747292,,
Degree (static),164,0.010830324909747292,,
Degree (static),165,0.010830324909747292,,
Degree (static),166,0.010830324909747292,,
Degree (static),167,0.010830324909747292,,
Degree (static),168,0.010830324909747292,,
Degree (static),169,0.010830324909747292,,
Degree (static),170,0.010830324909747292,,
Degree (static),171,0.010830324909747292,,
Degree (static),172,0.010830324909747292,,
Degree (static),173,0.010830324909747292,,
Degree (static),174,0.010830324909747292,,
Degree (static),175,0.010830324909747292,,
Degree (static),176,0.010830324909747292,,
Degree (static),177,0.010830324909747292,,
Degree (static),178,0.010830324909747292,,
Degree (static),179,0.010830324909747292,,
Degree (static),180,0.010830324909747292,,
Degree (static),181,0.010830324909747292,,
Degree (static),182,0.010830324909747292,,
Degree (static),183,0.010830324909747292,,
Degree (static),184,0.010830324909747292,,
Degree (static),185,0.010830324909747292,,
Degree (static),186,0.010830324909747292,,
Degree (static),187,0.010830324909747292,,
Degree (static),188,0.010830324909747292,,
Degree (static),189,0.010830324909747292,,
Degree (static),190,0.010830324909747292,,
Degree (static),191,0.010830324909747292,,
Degree (static),192,0.010830324909747292,,
Degree (static),193,0.010830324909747292,,
Degree (static),194,0.010830324909747292,,
Degree (static),195,0.010830324909747292,,
Degree (static),196,0.010830324909747292,,
Degree (static),197,0.010830324909747292,,
Degree (static),198,0.010830324909747292,,
Degree (static),199,0.007220216606498195,,
Degree (static),200,0.007220216606498195,,
Degree (static),201,0.007220216606498195,,
Degree (static),202,0.007220216606498195,,
Degree (static),203,0.007220216606498195,,
Degree (static),204,0.007220216606498195,,
Degree (static),205,0.007220216606498195,,
Degree (static),206,0.007220216606498195,,
Degree (static),207,0.007220216606498195,,
Degree (static),208,0.007220216606498195,,
Degree (static),209,0.007220216606498195,,
Degree (static),210,0.007220216606498195,,
Degree (static),211,0.007220216606498195,,
Degree (static),212,0.007220216606498195,,
Degree (static),213,0.007220216606498195,,
Degree (static),214,0.007220216606498195,,
Degree (static),215,0.007220216606498195,,
Degree (static),216,0.007220216606498195,,
Degree (static),217,0.007220216606498195,,
Degree (static),218,0.007220216606498195,,
Degree (static),219,0.007220216606498195,,
Degree (static),220,0.007220216606498195,,
Degree (static),221,0.007220216606498195,,
Degree (static),222,0.007220216606498195,,
Degree (static),223,0.007220216606498195,,
Degree (static),224,0.007220216606498195,,
Degree (static),225,0.007220216606498195,,
Degree (static),226,0.007220216606498195,,
Degree (static),227,0.007220216606498195,,
Degree (static),228,0.007220216606498195,,
Degree (static),229,0.007220216606498195,,
Degree (static),230,0.007220216606498195,,
Degree (static),231,0.007220216606498195,,
Degree (static),232,0.007220216606498195,,
Degree (static),233,0.007220216606498195,,
Degree (static),234,0.007220216606498195,,
Degree (static),235,0.007220216606498195,,
Degree (static),236,0.007220216606498195,,
Degree (static),237,0.007220216606498195,,
Degree (static),238,0.007220216606498195,,
Degree (static),239,0.007220216606498195,,
Degree (static),240,0.007220216606498195,,
Degree (static),241,0.007220216606498195,,
Degree (static),242,0.007220216606498195,,
Degree (static),243,0.007220216606498195,,
Degree (static),244,0.007220216606498195,,
Degree (static),245,0.007220216606498195,,
Degree (static),246,0.007220216606498195,,
Degree (static),247,0.007220216606498195,,
Degree (static),248,0.007220216606498195,,
Degree (static),249,0.0036101083032490976,,
Degree (static),250,0.0036101083032490976,,
Degree (static),251,0.0036101083032490976,,
Degree (static),252,0.0036101083032490976,,
Degree (static),253,0.0036101083032490976,,
Degree (static),254,0.0036101083032490976,,
Degree (static),255,0.0036101083032490976,,
Degree (static),256,0.0036101083032490976,,
Degree (static),257,0.0036101083032490976,,
Degree (static),258,0.0036101083032490976,,
Degree (static),259,0.0036101083032490976,,
Degree (static),260,0.0036101083032490976,,
Degree (static),261,0.0036101083032490976,,
Degree (static),262,0.0036101083032490976,,
Degree (static),263,0.0036101083032490976,,
Degree (static),264,0.0036101083032490976,,
Degree (static),265,0.0036101083032490976,,
Degree (static),266,0.0036101083032490976,,
Degree (static),267,0.0036101083032490976,,
Degree (static),268,0.0036101083032490976,,
Degree (static),269,0.0036101083032490976,,
Degree (static),270,0.0036101083032490976,,
Degree (static),271,0.0036101083032490976,,
Degree (static),272,0.0036101083032490976,,
Degree (static),273,0.0036101083032490976,,
Degree (static),274,0.0036101083032490976,,
Degree (static),275,0.0036101083032490976,,
Degree (static),276,0.0036101083032490976,,
Degree (static),277,0.0,,
Betweenness (static),0,1.0,,
Betweenness (static),1,0.9783393501805054,,
Betweenness (static),2,0.9747292418772563,,
Betweenness (static),3,0.9675090252707581,,
Betweenness (static),4,0.9566787003610109,,
Betweenness (static),5,0.9458483754512635,,
Betweenness (static),6,0.9422382671480144,,
Betweenness (static),7,0.9386281588447654,,
Betweenness (static),8,0.924187725631769,,
Betweenness (static),9,0.9205776173285198,,
Betweenness (static),10,0.9169675090252708,,
Betweenness (static),11,0.9133574007220217,,
Betweenness (static),12,0.9097472924187726,,
Betweenness (static),13,0.9025270758122743,,
Betweenness (static),14,0.8989169675090253,,
Betweenness (static),15,0.8953068592057761,,
Betweenness (static),16,0.8880866425992779,,
Betweenness (static),17,0.8808664259927798,,
Betweenness (static),18,0.8772563176895307,,
Betweenness (static),19,0.8736462093862816,,
Betweenness (static),20,0.8700361010830325,,
Betweenness (static),21,0.8664259927797834,,
Betweenness (static),22,0.8628158844765343,,
Betweenness (static),23,0.851985559566787,,
Betweenness (static),24,0.8483754512635379,,
Betweenness (static),25,0.8411552346570397,,
Betweenness (static),26,0.8375451263537906,,
Betweenness (static),27,0.8339350180505415,,
Betweenness (static),28,0.8303249097472925,,
Betweenness (static),29,0.8194945848375451,,
Betweenness (static),30,0.8122743682310469,,
Betweenness (static),31,0.8050541516245487,,
Betweenness (static),32,0.7978339350180506,,
Betweenness (static),33,0.7906137184115524,,
Betweenness (static),34,0.7833935018050542,,
Betweenness (static),35,0.779783393501805,,
Betweenness (static),36,0.776173285198556,,
Betweenness (static),37,0.7581227436823105,,
Betweenness (static),38,0.7509025270758123,,
Betweenness (static),39,0.7472924187725631,,
Betweenness (static),40,0.740072202166065,,
Betweenness (static),41,0.7364620938628159,,
Betweenness (static),42,0.7328519855595668,,
Betweenness (static),43,0.7184115523465704,,
Betweenness (static),44,0.7148014440433214,,
Betweenness (static),45,0.7075812274368231,,
Betweenness (static),46,0.703971119133574,,
Betweenness (static),47,0.6967509025270758,,
Betweenness (static),48,0.6931407942238267,,
Betweenness (static),49,0.6895306859205776,,
Betweenness (static),50,0.6823104693140795,,
Betweenness (static),51,0.6787003610108303,,
Betweenness (static),52,0.6750902527075813,,
Betweenness (static),53,0.6678700361010831,,
Betweenness (static),54,0.6606498194945848,,
Betweenness (static),55,0.6534296028880866,,
Betweenness (static),56,0.6498194945848376,,
Betweenness (static),57,0.6462093862815884,,
Betweenness (static),58,0.6425992779783394,,
Betweenness (static),59,0.6425992779783394,,
Betweenness (static),60,0.631768953068592,,
Betweenness (static),61,0.628158844765343,,
Betweenness (static),62,0.6173285198555957,,
Betweenness (static),63,0.6137184115523465,,
Betweenness (static),64,0.6028880866425993,,
Betweenness (static),65,0.5956678700361011,,
Betweenness (static),66,0.592057761732852,,
Betweenness (static),67,0.5884476534296029,,
Betweenness (static),68,0.5812274368231047,,
Betweenness (static),69,0.5776173285198556,,
Betweenness (static),70,0.5703971119133574,,
Betweenness (static),71,0.5631768953068592,,
Betweenness (static),72,0.555956678700361,,
Betweenness (static),73,0.5487364620938628,,
Betweenness (static),74,0.5451263537906137,,
Betweenness (static),75,0.5379061371841155,,
Betweenness (static),76,0.5342960288808665,,
Betweenness (static),77,0.5306859205776173,,
Betweenness (static),78,0.5270758122743683,,
Betweenness (static),79,0.516245487364621,,
Betweenness (static),80,0.5090252707581228,,
Betweenness (static),81,0.48014440433212996,,
Betweenness (static),82,0.47653429602888087,,
Betweenness (static),83,0.4729241877256318,,
Betweenness (static),84,0.4693140794223827,,
Betweenness (static),85,0.4548736462093863,,
Betweenness (static),86,0.45126353790613716,,
Betweenness (static),87,0.44765342960288806,,
Betweenness (static),88,0.44404332129963897,,
Betweenness (static),89,0.4259927797833935,,
Betweenness (static),90,0.40794223826714804,,
Betweenness (static),91,0.3935018050541516,,
Betweenness (static),92,0.3862815884476534,,
Betweenness (static),93,0.37545126353790614,,
Betweenness (static),94,0.36101083032490977,,
Betweenness (static),95,0.33574007220216606,,
Betweenness (static),96,0.3212996389891697,,
Betweenness (static),97,0.3140794223826715,,
Betweenness (static),98,0.3140794223826715,,
Betweenness (static),99,0.2996389891696751,,
Betweenness (static),100,0.20938628158844766,,
Betweenness (static),101,0.19855595667870035,,
Betweenness (static),102,0.18772563176895307,,
Betweenness (static),103,0.18772563176895307,,
Betweenness (static),104,0.18050541516245489,,
Betweenness (static),105,0.17689530685920576,,
Betweenness (static),106,0.17689530685920576,,
Betweenness (static),107,0.1444043321299639,,
Betweenness (static),108,0.1407942238267148,,
Betweenness (static),109,0.1407942238267148,,
Betweenness (static),110,0.10108303249097472,,
Betweenness (static),111,0.07220216606498195,,
Betweenness (static),112,0.07220216606498195,,
Betweenness (static),113,0.07220216606498195,,
Betweenness (static),114,0.07220216606498195,,
Betweenness (static),115,0.07220216606498195,,
Betweenness (static),116,0.07220216606498195,,
Betweenness (static),117,0.07220216606498195,,
Betweenness (static),118,0.06859205776173286,,
Betweenness (static),119,0.05415162454873646,,
Betweenness (static),120,0.039711191335740074,,
Betweenness (static),121,0.039711191335740074,,
Betweenness (static),122,0.039711191335740074,,
Betweenness (static),123,0.039711191335740074,,
Betweenness (static),124,0.039711191335740074,,
Betweenness (static),125,0.039711191335740074,,
Betweenness (static),126,0.039711191335740074,,
Betweenness (static),127,0.039711191335740074,,
Betweenness (static),128,0.039711191335740074,,
Betweenness (static),129,0.039711191335740074,,
Betweenness (static),130,0.039711191335740074,,
Betweenness (static),131,0.039711191335740074,,
Betweenness (static),132,0.039711191335740074,,
Betweenness (static),133,0.039711191335740074,,
Betweenness (static),134,0.039711191335740074,,
Betweenness (static),135,0.039711191335740074,,
Betweenness (static),136,0.039711191335740074,,
Betweenness (static),137,0.018050541516245487,,
Betweenness (static),138,0.018050541516245487,,
Betweenness (static),139,0.018050541516245487,,
Betweenness (static),140,0.018050541516245487,,
Betweenness (static),141,0.018050541516245487,,
Betweenness (static),142,0.018050541516245487,,
Betweenness (static),143,0.018050541516245487,,
Betweenness (static),144,0.018050541516245487,,
Betweenness (static),145,0.018050541516245487,,
Betweenness (static),146,0.018050541516245487,,
Betweenness (static),147,0.01444043321299639,,
Betweenness (static),148,0.01444043321299639,,
Betweenness (static),149,0.01444043321299639,,
Betweenness (static),150,0.01444043321299639,,
Betweenness (static),151,0.01444043321299639,,
Betweenness (static),152,0.01444043321299639,,
Betweenness (static),153,0.01444043321299639,,
Betweenness (static),154,0.01444043321299639,,
Betweenness (static),155,0.01444043321299639,,
Betweenness (static),156,0.01444043321299639,,
Betweenness (static),157,0.01444043321299639,,
Betweenness (static),158,0.01444043321299639,,
Betweenness (static),159,0.01444043321299639,,
Betweenness (static),160,0.01444043321299639,,
Betweenness (static),161,0.01444043321299639,,
Betweenness (static),162,0.01444043321299639,,
Betweenness (static),163,0.010830324909747292,,
Betweenness (static),164,0.010830324909747292,,
Betweenness (static),165,0.010830324909747292,,
Betweenness (static),166,0.010830324909747292,,
Betweenness (static),167,0.010830324909747292,,
Betweenness (static),168,0.010830324909747292,,
Betweenness (static),169,0.010830324909747292,,
Betweenness (static),170,0.010830324909747292,,
Betweenness (static),171,0.007220216606498195,,
Betweenness (static),172,0.007220216606498195,,
Betweenness (static),173,0.007220216606498195,,
Betweenness (static),174,0.007220216606498195,,
Betweenness (static),175,0.007220216606498195,,
Betweenness (static),176,0.007220216606498195,,
Betweenness (static),177,0.007220216606498195,,
Betweenness (static),178,0.007220216606498195,,
Betweenness (static),179,0.007220216606498195,,
Betweenness (static),180,0.007220216606498195,,
Betweenness (static),181,0.007220216606498195,,
Betweenness (static),182,0.007220216606498195,,
Betweenness (static),183,0.007220216606498195,,
Betweenness (static),184,0.007220216606498195,,
Betweenness (static),185,0.007220216606498195,,
Betweenness (static),186,0.007220216606498195,,
Betweenness (static),187,0.007220216606498195,,
Betweenness (static),188,0.007220216606498195,,
Betweenness (static),189,0.007220216606498195,,
Betweenness (static),190,0.007220216606498195,,
Betweenness (static),191,0.0036101083032490976,,
Betweenness (static),192,0.0036101083032490976,,
Betweenness (static),193,0.0036101083032490976,,
Betweenness (static),194,0.0036101083032490976,,
Betweenness (static),195,0.0036101083032490976,,
Betweenness (static),196,0.0036101083032490976,,
Betweenness (static),197,0.0036101083032490976,,
Betweenness (static),198,0.0036101083032490976,,
Betweenness (static),199,0.0036101083032490976,,
Betweenness (static),200,0.0036101083032490976,,
Betweenness (static),201,0.0036101083032490976,,
Betweenness (static),202,0.0036101083032490976,,
Betweenness (static),203,0.0036101083032490976,,
Betweenness (static),204,0.0036101083032490976,,
Betweenness (static),205,0.0036101083032490976,,
Betweenness (static),206,0.0036101083032490976,,
Betweenness (static),207,0.0036101083032490976,,
Betweenness (static),208,0.0036101083032490976,,
Betweenness (static),209,0.0036101083032490976,,
Betweenness (static),210,0.0036101083032490976,,
Betweenness (static),211,0.0036101083032490976,,
Betweenness (static),212,0.0036101083032490976,,
Betweenness (static),213,0.0036101083032490976,,
Betweenness (static),214,0.0036101083032490976,,
Betweenness (static),215,0.0036101083032490976,,
Betweenness (static),216,0.0036101083032490976,,
Betweenness (static),217,0.0036101083032490976,,
Betweenness (static),218,0.0036101083032490976,,
Betweenness (static),219,0.0036101083032490976,,
Betweenness (static),220,0.0036101083032490976,,
Betweenness (static),221,0.0036101083032490976,,
Betweenness (static),222,0.0036101083032490976,,
Betweenness (static),223,0.0036101083032490976,,
Betweenness (static),224,0.0036101083032490976,,
Betweenness (static),225,0.0036101083032490976,,
Betweenness (static),226,0.0036101083032490976,,
Betweenness (static),227,0.0036101083032490976,,
Betweenness (static),228,0.0036101083032490976,,
Betweenness (static),229,0.0036101083032490976,,
Betweenness (static),230,0.0036101083032490976,,
Betweenness (static),231,0.0036101083032490976,,
Betweenness (static),232,0.0036101083032490976,,
Betweenness (static),233,0.0036101083032490976,,
Betweenness (static),234,0.0036101083032490976,,
Betweenness (static),235,0.0036101083032490976,,
Betweenness (static),236,0.0036101083032490976,,
Betweenness (static),237,0.0036101083032490976,,
Betweenness (static),238,0.0036101083032490976,,
Betweenness (static),239,0.0036101083032490976,,
Betweenness (static),240,0.0036101083032490976,,
Betweenness (static),241,0.0036101083032490976,,
Betweenness (static),242,0.0036101083032490976,,
Betweenness (static),243,0.0036101083032490976,,
Betweenness (static),244,0.0036101083032490976,,
Betweenness (static),245,0.0036101083032490976,,
Betweenness (static),246,0.0036101083032490976,,
Betweenness (static),247,0.0036101083032490976,,
Betweenness (static),248,0.0036101083032490976,,
Betweenness (static),249,0.0036101083032490976,,
Betweenness (static),250,0.0036101083032490976,,
Betweenness (static),251,0.0036101083032490976,,
Betweenness (static),252,0.0036101083032490976,,
Betweenness (static),253,0.0036101083032490976,,
Betweenness (static),254,0.0036101083032490976,,
Betweenness (static),255,0.0036101083032490976,,
Betweenness (static),256,0.0036101083032490976,,
Betweenness (static),257,0.0036101083032490976,,
Betweenness (static),258,0.0036101083032490976,,
Betweenness (static),259,0.0036101083032490976,,
Betweenness (static),260,0.0036101083032490976,,
Betweenness (static),261,0.0036101083032490976,,
Betweenness (static),262,0.0036101083032490976,,
Betweenness (static),263,0.0036101083032490976,,
Betweenness (static),264,0.0036101083032490976,,
Betweenness (static),265,0.0036101083032490976,,
Betweenness (static),266,0.0036101083032490976,,
Betweenness (static),267,0.0036101083032490976,,
Betweenness (static),268,0.0036101083032490976,,
Betweenness (static),269,0.0036101083032490976,,
Betweenness (static),270,0.0036101083032490976,,
Betweenness (static),271,0.0036101083032490976,,
Betweenness (static),272,0.0036101083032490976,,
Betweenness (static),273,0.0036101083032490976,,
Betweenness (static),274,0.0036101083032490976,,
Betweenness (static),275,0.0036101083032490976,,
Betweenness (static),276,0.0036101083032490976,,
Betweenness (static),277,0.0,,
Closeness (static),0,1.0,,
Closeness (static),1,0.9783393501805054,,
Closeness (static),2,0.9747292418772563,,
Closeness (static),3,0.9675090252707581,,
Closeness (static),4,0.9566787003610109,,
Closeness (static),5,0.9458483754512635,,
Closeness (static),6,0.9422382671480144,,
Closeness (static),7,0.9386281588447654,,
Closeness (static),8,0.9350180505415162,,
Closeness (static),9,0.927797833935018,,
Closeness (static),10,0.924187725631769,,
Closeness (static),11,0.9205776173285198,,
Closeness (static),12,0.9169675090252708,,
Closeness (static),13,0.9097472924187726,,
Closeness (static),14,0.9061371841155235,,
Closeness (static),15,0.8916967509025271,,
Closeness (static),16,0.8880866425992779,,
Closeness (static),17,0.8808664259927798,,
Closeness (static),18,0.8736462093862816,,
Closeness (static),19,0.8700361010830325,,
Closeness (static),20,0.8628158844765343,,
Closeness (static),21,0.8592057761732852,,
Closeness (static),22,0.855595667870036,,
Closeness (static),23,0.851985559566787,,
Closeness (static),24,0.8483754512635379,,
Closeness (static),25,0.8411552346570397,,
Closeness (static),26,0.8339350180505415,,
Closeness (static),27,0.8303249097472925,,
Closeness (static),28,0.8267148014440433,,
Closeness (static),29,0.8231046931407943,,
Closeness (static),30,0.8194945848375451,,
Closeness (static),31,0.8122743682310469,,
Closeness (static),32,0.8086642599277978,,
Closeness (static),33,0.8050541516245487,,
Closeness (static),34,0.7978339350180506,,
Closeness (static),35,0.7942238267148014,,
Closeness (static),36,0.7870036101083032,,
Closeness (static),37,0.7833935018050542,,
Closeness (static),38,0.779783393501805,,
Closeness (static),39,0.776173285198556,,
Closeness (static),40,0.7653429602888087,,
Closeness (static),41,0.7617328519855595,,
Closeness (static),42,0.7581227436823105,,
Closeness (static),43,0.7509025270758123,,
Closeness (static),44,0.7436823104693141,,
Closeness (static),45,0.7364620938628159,,
Closeness (static),46,0.7328519855595668,,
Closeness (static),47,0.7292418772563177,,
Closeness (static),48,0.7256317689530686,,
Closeness (static),49,0.7184115523465704,,
Closeness (static),50,0.7148014440433214,,
Closeness (static),51,0.7111913357400722,,
Closeness (static),52,0.7075812274368231,,
Closeness (static),53,0.7003610108303249,,
Closeness (static),54,0.6931407942238267,,
Closeness (static),55,0.6895306859205776,,
Closeness (static),56,0.6859205776173285,,
Closeness (static),57,0.6823104693140795,,
Closeness (static),58,0.6750902527075813,,
Closeness (static),59,0.6714801444043321,,
Closeness (static),60,0.6678700361010831,,
Closeness (static),61,0.6606498194945848,,
Closeness (static),62,0.6570397111913358,,
Closeness (static),63,0.6534296028880866,,
Closeness (static),64,0.6498194945848376,,
Closeness (static),65,0.6462093862815884,,
Closeness (static),66,0.6389891696750902,,
Closeness (static),67,0.631768953068592,,
Closeness (static),68,0.628158844765343,,
Closeness (static),69,0.628158844765343,,
Closeness (static),70,0.6209386281588448,,
Closeness (static),71,0.6173285198555957,,
Closeness (static),72,0.6137184115523465,,
Closeness (static),73,0.6064981949458483,,
Closeness (static),74,0.6028880866425993,,
Closeness (static),75,0.6028880866425993,,
Closeness (static),76,0.5956678700361011,,
Closeness (static),77,0.5884476534296029,,
Closeness (static),78,0.5848375451263538,,
Closeness (static),79,0.5812274368231047,,
Closeness (static),80,0.555956678700361,,
Closeness (static),81,0.5523465703971119,,
Closeness (static),82,0.5451263537906137,,
Closeness (static),83,0.5415162454873647,,
Closeness (static),84,0.5379061371841155,,
Closeness (static),85,0.5342960288808665,,
Closeness (static),86,0.5234657039711191,,
Closeness (static),87,0.51985559566787,,
Closeness (static),88,0.5126353790613718,,
Closeness (static),89,0.5054151624548736,,
Closeness (static),90,0.5018050541516246,,
Closeness (static),91,0.4981949458483754,,
Closeness (static),92,0.49097472924187724,,
Closeness (static),93,0.48736462093862815,,
Closeness (static),94,0.4584837545126354,,
Closeness (static),95,0.4584837545126354,,
Closeness (static),96,0.45126353790613716,,
Closeness (static),97,0.44765342960288806,,
Closeness (static),98,0.44404332129963897,,
Closeness (static),99,0.4404332129963899,,
Closeness (static),100,0.4368231046931408,,
Closeness (static),101,0.4368231046931408,,
Closeness (static),102,0.4296028880866426,,
Closeness (static),103,0.4259927797833935,,
Closeness (static),104,0.4223826714801444,,
Closeness (static),105,0.40794223826714804,,
Closeness (static),106,0.40794223826714804,,
Closeness (static),107,0.3935018050541516,,
Closeness (static),108,0.3935018050541516,,
Closeness (static),109,0.3935018050541516,,
Closeness (static),110,0.3862815884476534,,
Closeness (static),111,0.37184115523465705,,
Closeness (static),112,0.35379061371841153,,
Closeness (static),113,0.35379061371841153,,
Closeness (static),114,0.35379061371841153,,
Closeness (static),115,0.34657039711191334,,
Closeness (static),116,0.34657039711191334,,
Closeness (static),117,0.34296028880866425,,
Closeness (static),118,0.33935018050541516,,
Closeness (static),119,0.33935018050541516,,
Closeness (static),120,0.33212996389891697,,
Closeness (static),121,0.33212996389891697,,
Closeness (static),122,0.3285198555956679,,
Closeness (static),123,0.3285198555956679,,
Closeness (static),124,0.3285198555956679,,
Closeness (static),125,0.3212996389891697,,
Closeness (static),126,0.30685920577617326,,
Closeness (static),127,0.2996389891696751,,
Closeness (static),128,0.2996389891696751,,
Closeness (static),129,0.296028880866426,,
Closeness (static),130,0.2888086642599278,,
Closeness (static),131,0.2743682310469314,,
Closeness (static),132,0.2743682310469314,,
Closeness (static),133,0.2743682310469314,,
Closeness (static),134,0.27075812274368233,,
Closeness (static),135,0.27075812274368233,,
Closeness (static),136,0.26353790613718414,,
Closeness (static),137,0.26353790613718414,,
Closeness (static),138,0.26353790613718414,,
Closeness (static),139,0.22382671480144403,,
Closeness (static),140,0.22382671480144403,,
Closeness (static),141,0.22021660649819494,,
Closeness (static),142,0.22021660649819494,,
Closeness (static),143,0.22021660649819494,,
Closeness (static),144,0.22021660649819494,,
Closeness (static),145,0.22021660649819494,,
Closeness (static),146,0.21299638989169675,,
Closeness (static),147,0.21299638989169675,,
Closeness (static),148,0.18411552346570398,,
Closeness (static),149,0.1624548736462094,,
Closeness (static),150,0.13357400722021662,,
Closeness (static),151,0.13357400722021662,,
Closeness (static),152,0.1263537906137184,,
Closeness (static),153,0.1263537906137184,,
Closeness (static),154,0.1263537906137184,,
Closeness (static),155,0.1263537906137184,,
Closeness (static),156,0.1263537906137184,,
Closeness (static),157,0.1263537906137184,,
Closeness (static),158,0.1263537906137184,,
Closeness (static),159,0.1263537906137184,,
Closeness (static),160,0.1263537906137184,,
Closeness (static),161,0.1263537906137184,,
Closeness (static),162,0.1263537906137184,,
Closeness (static),163,0.12274368231046931,,
Closeness (static),164,0.07942238267148015,,
Closeness (static),165,0.07942238267148015,,
Closeness (static),166,0.06859205776173286,,
Closeness (static),167,0.06859205776173286,,
Closeness (static),168,0.06859205776173286,,
Closeness (static),169,0.06859205776173286,,
Closeness (static),170,0.06859205776173286,,
Closeness (static),171,0.06859205776173286,,
Closeness (static),172,0.06859205776173286,,
Closeness (static),173,0.06859205776173286,,
Closeness (static),174,0.06859205776173286,,
Closeness (static),175,0.06859205776173286,,
Closeness (static),176,0.06859205776173286,,
Closeness (static),177,0.06859205776173286,,
Closeness (static),178,0.04693140794223827,,
Closeness (static),179,0.04693140794223827,,
Closeness (static),180,0.04693140794223827,,
Closeness (static),181,0.04693140794223827,,
Closeness (static),182,0.04693140794223827,,
Closeness (static),183,0.04693140794223827,,
Closeness (static),184,0.04693140794223827,,
Closeness (static),185,0.04332129963898917,,
Closeness (static),186,0.04332129963898917,,
Closeness (static),187,0.04332129963898917,,
Closeness (static),188,0.04332129963898917,,
Closeness (static),189,0.04332129963898917,,
Closeness (static),190,0.04332129963898917,,
Closeness (static),191,0.04332129963898917,,
Closeness (static),192,0.04332129963898917,,
Closeness (static),193,0.039711191335740074,,
Closeness (static),194,0.039711191335740074,,
Closeness (static),195,0.039711191335740074,,
Closeness (static),196,0.039711191335740074,,
Closeness (static),197,0.039711191335740074,,
Closeness (static),198,0.039711191335740074,,
Closeness (static),199,0.039711191335740074,,
Closeness (static),200,0.039711191335740074,,
Closeness (static),201,0.039711191335740074,,
Closeness (static),202,0.039711191335740074,,
Closeness (static),203,0.032490974729241874,,
Closeness (static),204,0.032490974729241874,,
Closeness (static),205,0.02888086642599278,,
Closeness (static),206,0.02888086642599278,,
Closeness (static),207,0.02888086642599278,,
Closeness (static),208,0.02888086642599278,,
Closeness (static),209,0.02888086642599278,,
Closeness (static),210,0.02888086642599278,,
Closeness (static),211,0.02888086642599278,,
Closeness (static),212,0.02888086642599278,,
Closeness (static),213,0.02888086642599278,,
Closeness (static),214,0.02888086642599278,,
Closeness (static),215,0.02888086642599278,,
Closeness (static),216,0.02888086642599278,,
Closeness (static),217,0.01444043321299639,,
Closeness (static),218,0.01444043321299639,,
Closeness (static),219,0.01444043321299639,,
Closeness (static),220,0.01444043321299639,,
Closeness (static),221,0.01444043321299639,,
Closeness (static),222,0.01444043321299639,,
Closeness (static),223,0.01444043321299639,,
Closeness (static),224,0.01444043321299639,,
Closeness (static),225,0.01444043321299639,,
Closeness (static),226,0.01444043321299639,,
Closeness (static),227,0.01444043321299639,,
Closeness (static),228,0.01444043321299639,,
Closeness (static),229,0.01444043321299639,,
Closeness (static),230,0.01444043321299639,,
Closeness (static),231,0.01444043321299639,,
Closeness (static),232,0.01444043321299639,,
Closeness (static),233,0.01444043321299639,,
Closeness (static),234,0.01444043321299639,,
Closeness (static),235,0.01444043321299639,,
Closeness (static),236,0.01444043321299639,,
Closeness (static),237,0.01444043321299639,,
Closeness (static),238,0.010830324909747292,,
Closeness (static),239,0.010830324909747292,,
Closeness (static),240,0.010830324909747292,,
Closeness (static),241,0.010830324909747292,,
Closeness (static),242,0.010830324909747292,,
Closeness (static),243,0.010830324909747292,,
Closeness (static),244,0.010830324909747292,,
Closeness (static),245,0.010830324909747292,,
Closeness (static),246,0.010830324909747292,,
Closeness (static),247,0.010830324909747292,,
Closeness (static),248,0.007220216606498195,,
Closeness (static),249,0.007220216606498195,,
Closeness (static),250,0.007220216606498195,,
Closeness (static),251,0.007220216606498195,,
Closeness (static),252,0.007220216606498195,,
Closeness (static),253,0.007220216606498195,,
Closeness (static),254,0.007220216606498195,,
Closeness (static),255,0.007220216606498195,,
Closeness (static),256,0.0036101083032490976,,
Closeness (static),257,0.0036101083032490976,,
Closeness (static),258,0.0036101083032490976,,
Closeness (static),259,0.0036101083032490976,,
Closeness (static),260,0.0036101083032490976,,
Closeness (static),261,0.0036101083032490976,,
Closeness (static),262,0.0036101083032490976,,
Closeness (static),263,0.0036101083032490976,,
Closeness (static),264,0.0036101083032490976,,
Closeness (static),265,0.0036101083032490976,,
Closeness (static),266,0.0036101083032490976,,
Closeness (static),267,0.0036101083032490976,,
Closeness (static),268,0.0036101083032490976,,
Closeness (static),269,0.0036101083032490976,,
Closeness (static),270,0.0036101083032490976,,
Closeness (static),271,0.0036101083032490976,,
Closeness (static),272,0.0036101083032490976,,
Closeness (static),273,0.0036101083032490976,,
Closeness (static),274,0.0036101083032490976,,
Closeness (static),275,0.0036101083032490976,,
Closeness (static),276,0.0036101083032490976,,
Closeness (static),277,0.0,,
Adaptive betweenness,0,1.0,,
Adaptive betweenness,1,0.9783393501805054,,
Adaptive betweenness,2,0.9747292418772563,,
Adaptive betweenness,3,0.9675090252707581,,
Adaptive betweenness,4,0.9566787003610109,,
Adaptive betweenness,5,0.9458483754512635,,
Adaptive betweenness,6,0.9422382671480144,,
Adaptive betweenness,7,0.9386281588447654,,
Adaptive betweenness,8,0.9350180505415162,,
Adaptive betweenness,9,0.9314079422382672,,
Adaptive betweenness,10,0.927797833935018,,
Adaptive betweenness,11,0.924187725631769,,
Adaptive betweenness,12,0.9205776173285198,,
Adaptive betweenness,13,0.9169675090252708,,
Adaptive betweenness,14,0.9025270758122743,,
Adaptive betweenness,15,0.8953068592057761,,
Adaptive betweenness,16,0.8916967509025271,,
Adaptive betweenness,17,0.8808664259927798,,
Adaptive betweenness,18,0.8772563176895307,,
Adaptive betweenness,19,0.8736462093862816,,
Adaptive betweenness,20,0.8592057761732852,,
Adaptive betweenness,21,0.8483754512635379,,
Adaptive betweenness,22,0.8375451263537906,,
Adaptive betweenness,23,0.8339350180505415,,
Adaptive betweenness,24,0.8303249097472925,,
Adaptive betweenness,25,0.8267148014440433,,
Adaptive betweenness,26,0.8194945848375451,,
Adaptive betweenness,27,0.8158844765342961,,
Adaptive betweenness,28,0.8122743682310469,,
Adaptive betweenness,29,0.8014440433212996,,
Adaptive betweenness,30,0.7978339350180506,,
Adaptive betweenness,31,0.7942238267148014,,
Adaptive betweenness,32,0.7906137184115524,,
Adaptive betweenness,33,0.7833935018050542,,
Adaptive betweenness,34,0.776173285198556,,
Adaptive betweenness,35,0.7653429602888087,,
Adaptive betweenness,36,0.7581227436823105,,
Adaptive betweenness,37,0.7545126353790613,,
Adaptive betweenness,38,0.7509025270758123,,
Adaptive betweenness,39,0.7472924187725631,,
Adaptive betweenness,40,0.740072202166065,,
Adaptive betweenness,41,0.7328519855595668,,
Adaptive betweenness,42,0.7220216606498195,,
Adaptive betweenness,43,0.7184115523465704,,
Adaptive betweenness,44,0.7148014440433214,,
Adaptive betweenness,45,0.7111913357400722,,
Adaptive betweenness,46,0.703971119133574,,
Adaptive betweenness,47,0.7003610108303249,,
Adaptive betweenness,48,0.6967509025270758,,
Adaptive betweenness,49,0.6895306859205776,,
Adaptive betweenness,50,0.6859205776173285,,
Adaptive betweenness,51,0.6823104693140795,,
Adaptive betweenness,52,0.6787003610108303,,
Adaptive betweenness,53,0.5884476534296029,,
Adaptive betweenness,54,0.5740072202166066,,
Adaptive betweenness,55,0.5667870036101083,,
Adaptive betweenness,56,0.5631768953068592,,
Adaptive betweenness,57,0.5595667870036101,,
Adaptive betweenness,58,0.555956678700361,,
Adaptive betweenness,59,0.5487364620938628,,
Adaptive betweenness,60,0.5451263537906137,,
Adaptive betweenness,61,0.5054151624548736,,
Adaptive betweenness,62,0.5018050541516246,,
Adaptive betweenness,63,0.4981949458483754,,
Adaptive betweenness,64,0.49458483754512633,,
Adaptive betweenness,65,0.49097472924187724,,
Adaptive betweenness,66,0.48736462093862815,,
Adaptive betweenness,67,0.4729241877256318,,
Adaptive betweenness,68,0.4657039711191336,,
Adaptive betweenness,69,0.4584837545126354,,
Adaptive betweenness,70,0.44765342960288806,,
Adaptive betweenness,71,0.4404332129963899,,
Adaptive betweenness,72,0.4368231046931408,,
Adaptive betweenness,73,0.4332129963898917,,
Adaptive betweenness,74,0.3176895306859206,,
Adaptive betweenness,75,0.3104693140794224,,
Adaptive betweenness,76,0.2527075812274368,,
Adaptive betweenness,77,0.2490974729241877,,
Adaptive betweenness,78,0.24548736462093862,,
Adaptive betweenness,79,0.17328519855595667,,
Adaptive betweenness,80,0.15162454873646208,,
Adaptive betweenness,81,0.11191335740072202,,
Adaptive betweenness,82,0.09025270758122744,,
Adaptive betweenness,83,0.08664259927797834,,
Adaptive betweenness,84,0.08664259927797834,,
Adaptive betweenness,85,0.07220216606498195,,
Adaptive betweenness,86,0.06859205776173286,,
Adaptive betweenness,87,0.061371841155234655,,
Adaptive betweenness,88,0.05415162454873646,,
Adaptive betweenness,89,0.05415162454873646,,
Adaptive betweenness,90,0.05415162454873646,,
Adaptive betweenness,91,0.04332129963898917,,
Adaptive betweenness,92,0.039711191335740074,,
Adaptive betweenness,93,0.039711191335740074,,
Adaptive betweenness,94,0.032490974729241874,,
Adaptive betweenness,95,0.02888086642599278,,
Adaptive betweenness,96,0.02888086642599278,,
Adaptive betweenness,97,0.02888086642599278,,
Adaptive betweenness,98,0.02888086642599278,,
Adaptive betweenness,99,0.02888086642599278,,
Adaptive betweenness,100,0.02888086642599278,,
Adaptive betweenness,101,0.02888086642599278,,
Adaptive betweenness,102,0.02527075812274368,,
Adaptive betweenness,103,0.021660649819494584,,
Adaptive betweenness,104,0.021660649819494584,,
Adaptive betweenness,105,0.018050541516245487,,
Adaptive betweenness,106,0.018050541516245487,,
Adaptive betweenness,107,0.018050541516245487,,
Adaptive betweenness,108,0.018050541516245487,,
Adaptive betweenness,109,0.018050541516245487,,
Adaptive betweenness,110,0.01444043321299639,,
Adaptive betweenness,111,0.01444043321299639,,
Adaptive betweenness,112,0.01444043321299639,,
Adaptive betweenness,113,0.01444043321299639,,
Adaptive betweenness,114,0.01444043321299639,,
Adaptive betweenness,115,0.01444043321299639,,
Adaptive betweenness,116,0.01444043321299639,,
Adaptive betweenness,117,0.01444043321299639,,
Adaptive betweenness,118,0.01444043321299639,,
Adaptive betweenness,119,0.01444043321299639,,
Adaptive betweenness,120,0.01444043321299639,,
Adaptive betweenness,121,0.01444043321299639,,
Adaptive betweenness,122,0.01444043321299639,,
Adaptive betweenness,123,0.01444043321299639,,
Adaptive betweenness,124,0.01444043321299639,,
Adaptive betweenness,125,0.01444043321299639,,
Adaptive betweenness,126,0.01444043321299639,,
Adaptive betweenness,127,0.01444043321299639,,
Adaptive betweenness,128,0.01444043321299639,,
Adaptive betweenness,129,0.01444043321299639,,
Adaptive betweenness,130,0.01444043321299639,,
Adaptive betweenness,131,0.01444043321299639,,
Adaptive betweenness,132,0.01444043321299639,,
Adaptive betweenness,133,0.01444043321299639,,
Adaptive betweenness,134,0.01444043321299639,,
Adaptive betweenness,135,0.01444043321299639,,
Adaptive betweenness,136,0.01444043321299639,,
Adaptive betweenness,137,0.01444043321299639,,
Adaptive betweenness,138,0.01444043321299639,,
Adaptive betweenness,139,0.01444043321299639,,
Adaptive betweenness,140,0.01444043321299639,,
Adaptive betweenness,141,0.01444043321299639,,
Adaptive betweenness,142,0.01444043321299639,,
Adaptive betweenness,143,0.01444043321299639,,
Adaptive betweenness,144,0.01444043321299639,,
Adaptive betweenness,145,0.01444043321299639,,
Adaptive betweenness,146,0.010830324909747292,,
Adaptive betweenness,147,0.010830324909747292,,
Adaptive betweenness,148,0.010830324909747292,,
Adaptive betweenness,149,0.010830324909747292,,
Adaptive betweenness,150,0.010830324909747292,,
Adaptive betweenness,151,0.010830324909747292,,
Adaptive betweenness,152,0.010830324909747292,,
Adaptive betweenness,153,0.010830324909747292,,
Adaptive betweenness,154,0.010830324909747292,,
Adaptive betweenness,155,0.010830324909747292,,
Adaptive betweenness,156,0.010830324909747292,,
Adaptive betweenness,157,0.010830324909747292,,
Adaptive betweenness,158,0.010830324909747292,,
Adaptive betweenness,159,0.010830324909747292,,
Adaptive betweenness,160,0.010830324909747292,,
Adaptive betweenness,161,0.010830324909747292,,
Adaptive betweenness,162,0.010830324909747292,,
Adaptive betweenness,163,0.010830324909747292,,
Adaptive betweenness,164,0.010830324909747292,,
Adaptive betweenness,165,0.010830324909747292,,
Adaptive betweenness,166,0.010830324909747292,,
Adaptive betweenness,167,0.010830324909747292,,
Adaptive betweenness,168,0.010830324909747292,,
Adaptive betweenness,169,0.010830324909747292,,
Adaptive betweenness,170,0.010830324909747292,,
Adaptive betweenness,171,0.010830324909747292,,
Adaptive betweenness,172,0.010830324909747292,,
Adaptive betweenness,173,0.010830324909747292,,
Adaptive betweenness,174,0.010830324909747292,,
Adaptive betweenness,175,0.010830324909747292,,
Adaptive betweenness,176,0.010830324909747292,,
Adaptive betweenness,177,0.010830324909747292,,
Adaptive betweenness,178,0.010830324909747292,,
Adaptive betweenness,179,0.010830324909747292,,
Adaptive betweenness,180,0.010830324909747292,,
Adaptive betweenness,181,0.010830324909747292,,
Adaptive betweenness,182,0.010830324909747292,,
Adaptive betweenness,183,0.010830324909747292,,
Adaptive betweenness,184,0.010830324909747292,,
Adaptive betweenness,185,0.010830324909747292,,
Adaptive betweenness,186,0.010830324909747292,,
Adaptive betweenness,187,0.010830324909747292,,
Adaptive betweenness,188,0.010830324909747292,,
Adaptive betweenness,189,0.010830324909747292,,
Adaptive betweenness,190,0.010830324909747292,,
Adaptive betweenness,191,0.010830324909747292,,
Adaptive betweenness,192,0.010830324909747292,,
Adaptive betweenness,193,0.010830324909747292,,
Adaptive betweenness,194,0.010830324909747292,,
Adaptive betweenness,195,0.010830324909747292,,
Adaptive betweenness,196,0.010830324909747292,,
Adaptive betweenness,197,0.010830324909747292,,
Adaptive betweenness,198,0.010830324909747292,,
Adaptive betweenness,199,0.010830324909747292,,
Adaptive betweenness,200,0.010830324909747292,,
Adaptive betweenness,201,0.010830324909747292,,
Adaptive betweenness,202,0.010830324909747292,,
Adaptive betweenness,203,0.010830324909747292,,
Adaptive betweenness,204,0.010830324909747292,,
Adaptive betweenness,205,0.007220216606498195,,
Adaptive betweenness,206,0.007220216606498195,,
Adaptive betweenness,207,0.007220216606498195,,
Adaptive betweenness,208,0.007220216606498195,,
Adaptive betweenness,209,0.007220216606498195,,
Adaptive betweenness,210,0.007220216606498195,,
Adaptive betweenness,211,0.007220216606498195,,
Adaptive betweenness,212,0.007220216606498195,,
Adaptive betweenness,213,0.007220216606498195,,
Adaptive betweenness,214,0.007220216606498195,,
Adaptive betweenness,215,0.007220216606498195,,
Adaptive betweenness,216,0.007220216606498195,,
Adaptive betweenness,217,0.007220216606498195,,
Adaptive betweenness,218,0.007220216606498195,,
Adaptive betweenness,219,0.007220216606498195,,
Adaptive betweenness,220,0.007220216606498195,,
Adaptive betweenness,221,0.007220216606498195,,
Adaptive betweenness,222,0.007220216606498195,,
Adaptive betweenness,223,0.007220216606498195,,
Adaptive betweenness,224,0.007220216606498195,,
Adaptive betweenness,225,0.007220216606498195,,
Adaptive betweenness,226,0.007220216606498195,,
Adaptive betweenness,227,0.007220216606498195,,
Adaptive betweenness,228,0.007220216606498195,,
Adaptive betweenness,229,0.007220216606498195,,
Adaptive betweenness,230,0.007220216606498195,,
Adaptive betweenness,231,0.007220216606498195,,
Adaptive betweenness,232,0.007220216606498195,,
Adaptive betweenness,233,0.007220216606498195,,
Adaptive betweenness,234,0.007220216606498195,,
Adaptive betweenness,235,0.007220216606498195,,
Adaptive betweenness,236,0.007220216606498195,,
Adaptive betweenness,237,0.007220216606498195,,
Adaptive betweenness,238,0.007220216606498195,,
Adaptive betweenness,239,0.007220216606498195,,
Adaptive betweenness,240,0.007220216606498195,,
Adaptive betweenness,241,0.007220216606498195,,
Adaptive betweenness,242,0.007220216606498195,,
Adaptive betweenness,243,0.007220216606498195,,
Adaptive betweenness,244,0.007220216606498195,,
Adaptive betweenness,245,0.007220216606498195,,
Adaptive betweenness,246,0.007220216606498195,,
Adaptive betweenness,247,0.007220216606498195,,
Adaptive betweenness,248,0.007220216606498195,,
Adaptive betweenness,249,0.007220216606498195,,
Adaptive betweenness,250,0.007220216606498195,,
Adaptive betweenness,251,0.007220216606498195,,
Adaptive betweenness,252,0.007220216606498195,,
Adaptive betweenness,253,0.007220216606498195,,
Adaptive betweenness,254,0.007220216606498195,,
Adaptive betweenness,255,0.007220216606498195,,
Adaptive betweenness,256,0.007220216606498195,,
Adaptive betweenness,257,0.007220216606498195,,
Adaptive betweenness,258,0.007220216606498195,,
Adaptive betweenness,259,0.007220216606498195,,
Adaptive betweenness,260,0.007220216606498195,,
Adaptive betweenness,261,0.007220216606498195,,
Adaptive betweenness,262,0.007220216606498195,,
Adaptive betweenness,263,0.0036101083032490976,,
Adaptive betweenness,264,0.0036101083032490976,,
Adaptive betweenness,265,0.0036101083032490976,,
Adaptive betweenness,266,0.0036101083032490976,,
Adaptive betweenness,267,0.0036101083032490976,,
Adaptive betweenness,268,0.0036101083032490976,,
Adaptive betweenness,269,0.0036101083032490976,,
Adaptive betweenness,270,0.0036101083032490976,,
Adaptive betweenness,271,0.0036101083032490976,,
Adaptive betweenness,272,0.0036101083032490976,,
Adaptive betweenness,273,0.0036101083032490976,,
Adaptive betweenness,274,0.0036101083032490976,,
Adaptive betweenness,275,0.0036101083032490976,,
Adaptive betweenness,276,0.0036101083032490976,,
Adaptive betweenness,277,0.0,,
Random removal,0,1.0,1.0,1.0
Random removal,1,0.9960288808664259,0.9944473435844217,0.9976104181484302
Random removal,2,0.992274368231047,0.9905710004486029,0.993977736013491
Random removal,3,0.9885559566787003,0.9867743934561336,0.9903375199012671
Random removal,4,0.9848375451263537,0.9829176316841937,0.9867574585685137
Random removal,5,0.9807581227436821,0.977808026312363,0.9837082191750013
Random removal,6,0.9766787003610107,0.9734164612809338,0.9799409394410875
Random removal,7,0.9727797833935016,0.9691362810588948,0.9764232857281083
Random removal,8,0.9690613718411549,0.9654602087265843,0.9726625349557255
Random removal,9,0.9650541516245483,0.9611504025642825,0.9689579006848141
Random removal,10,0.9609386281588443,0.9564249353971911,0.9654523209204976
Random removal,11,0.9567148014440429,0.9516223754801905,0.9618072274078953
Random removal,12,0.9528880866425987,0.9477729622182443,0.9580032110669532
Random removal,13,0.9489169675090247,0.9435752343840303,0.954258700634019
Random removal,14,0.945126353790613,0.9397203154575616,0.9505323921236645
Random removal,15,0.9409747292418765,0.9349825469992011,0.9469669114845519
Random removal,16,0.9371841155234649,0.931134538206892,0.9432336928400379
Random removal,17,0.9330324909747284,0.9266571103716975,0.9394078715777593
Random removal,18,0.9292779783393494,0.9229706901069168,0.9355852665717821
Random removal,19,0.9255595667870028,0.919114259801443,0.9320048737725626
Random removal,20,0.9215162454873638,0.9148729961997287,0.9281594947749988
Random removal,21,0.9176895306859197,0.9109992846071885,0.924379776764651
Random removal,22,0.9137545126353781,0.9068151665446067,0.9206938587261495
Random removal,23,0.9099638989169665,0.9028203022480588,0.9171074955858742
Random removal,24,0.9063537906137173,0.8990642571769744,0.9136433240504603
Random removal,25,0.9023104693140783,0.8947723418708216,0.9098485967573351
Random removal,26,0.8986281588447642,0.8910402489672988,0.9062160687222296
Random removal,27,0.8947653429602876,0.8870964104781383,0.902434275442437
Random removal,28,0.8910108303249086,0.883099898267594,0.8989217623822231
Random removal,29,0.887220216606497,0.8792030794762644,0.8952373537367295
Random removal,30,0.883176895306858,0.8751531926713646,0.8912005979423513
Random removal,31,0.8793862815884466,0.8713695549808257,0.8874030081960674
Random removal,32,0.8751624548736452,0.8666970889365809,0.8836278208107095
Random removal,33,0.8713718411552337,0.8627756903995472,0.8799679919109202
Random removal,34,0.8676173285198547,0.8590919152566161,0.8761427417830934
Random removal,35,0.8637906137184106,0.8552220733039594,0.8723591541328618
Random removal,36,0.8598916967509015,0.8510682225141661,0.8687151709876368
Random removal,37,0.8558483754512626,0.8468248552184452,0.86487189568408
Random removal,38,0.8521660649819485,0.8429817463763686,0.8613503835875284
Random removal,39,0.8481949458483744,0.8389963047099523,0.8573935869867965
Random removal,40,0.8443321299638978,0.8352500783325557,0.85341418159524
Random removal,41,0.8404693140794213,0.8312518012743075,0.849686826884535
Random removal,42,0.8367148014440421,0.8274950037890183,0.8459345990990659
Random removal,43,0.8327075812274356,0.8234398608236686,0.8419753016312026
Random removal,44,0.8288086642599265,0.8195131443201946,0.8381041841996584
Random removal,45,0.82465703971119,0.8154030370038858,0.8339110424184941
Random removal,46,0.8211191335740058,0.8119491598715283,0.8302891072764833
Random removal,47,0.8173285198555944,0.8080497263937675,0.8266073133174213
Random removal,48,0.8135379061371828,0.8041130640956312,0.8229627481787344
Random removal,49,0.8098555956678686,0.8003656089841447,0.8193455823515925
Random removal,50,0.805992779783392,0.7966627679999616,0.8153227915668224
Random removal,51,0.8016967509025257,0.7920663090220669,0.8113271927829845
Random removal,52,0.7976895306859191,0.7880773551810836,0.8073017061907546
Random removal,53,0.7938267148014425,0.7842011952717333,0.8034522343311518
Random removal,54,0.7901083032490959,0.7806049394955156,0.7996116670026762
Random removal,55,0.7863176895306843,0.7766675833552465,0.795967795706122
Random removal,56,0.7824187725631753,0.7728900233912045,0.791947521735146
Random removal,57,0.7787003610108286,0.7690392793899292,0.788361442631728
Random removal,58,0.7747292418772546,0.7648458825256604,0.7846126012288487
Random removal,59,0.770577617328518,0.7605965071778541,0.780558727479182
Random removal,60,0.7666425992779764,0.7565807664311891,0.7767044321247637
Random removal,61,0.7626714801444026,0.7525042222225969,0.7728387380662082
Random removal,62,0.7587364620938614,0.7484605684883001,0.7690123556994226
Random removal,63,0.7550541516245474,0.744596412385472,0.7655118908636227
Random removal,64,0.7511552346570387,0.7405863023538602,0.7617241669602172
Random removal,65,0.7468231046931402,0.7363241569849642,0.7573220524013161
Random removal,66,0.7430685920577617,0.7326274826112742,0.7535097015042491
Random removal,67,0.7393140794223828,0.72864547192148,0.7499826869232856
Random removal,68,0.7355956678700366,0.7248554232996823,0.7463359124403909
Random removal,69,0.7319133574007229,0.7212654386206986,0.7425612761807473
Random removal,70,0.7280144404332138,0.7172729702132908,0.7387559106531368
Random removal,71,0.7236823104693149,0.7122728358496853,0.7350917850889445
Random removal,72,0.7201083032490984,0.7088027421677985,0.7314138643303982
Random removal,73,0.7161371841155243,0.7045760093718105,0.7276983588592381
Random removal,74,0.7122743682310477,0.7005790940591308,0.7239696424029647
Random removal,75,0.7085198555956685,0.6968909566987976,0.7201487544925395
Random removal,76,0.7045487364620945,0.6928284999898437,0.7162689729343452
Random removal,77,0.7006137184115531,0.6888650425501542,0.7123623942729519
Random removal,78,0.6967870036101089,0.684935244705669,0.7086387625145488
Random removal,79,0.6928880866426,0.6809614763441564,0.7048146969410437
Random removal,80,0.688844765342961,0.6769243378965174,0.7007651927894046
Random removal,81,0.6849819494584846,0.6730733998754999,0.6968904990414693
Random removal,82,0.6814079422382678,0.6696355354983138,0.6931803489782219
Random removal,83,0.6777256317689537,0.6659814388090971,0.6894698247288104
Random removal,84,0.6738989169675098,0.66220865291301,0.6855891810220096
Random removal,85,0.6703249097472931,0.6587839643467682,0.681865855147818
Random removal,86,0.6663537906137192,0.6548208327382813,0.6778867484891572
Random removal,87,0.6624548736462101,0.6508727092323537,0.6740370380600665
Random removal,88,0.6584115523465711,0.6467469354358104,0.6700761692573318
Random removal,89,0.654584837545127,0.6430211010457407,0.6661485740445132
Random removal,90,0.6505415162454881,0.6389878022907493,0.6620952302002269
Random removal,91,0.646714801444044,0.6351608596076481,0.6582687432804399
Random removal,92,0.6427075812274375,0.6308119173247432,0.6546032451301319
Random removal,93,0.6387725631768961,0.6268397180690151,0.6507054082847772
Random removal,94,0.6347653429602895,0.622354079945907,0.6471766059746721
Random removal,95,0.6310830324909756,0.6187714505408741,0.6433946144410772
Random removal,96,0.6270758122743691,0.614873730361386,0.6392778941873523
Random removal,97,0.6229602888086653,0.6105356152857437,0.6353849623315868
Random removal,98,0.6187725631768963,0.6059754260445127,0.63156970030928
Random removal,99,0.6145848375451274,0.6017864660217502,0.6273832090685045
Random removal,100,0.6107942238267159,0.5979283989801855,0.6236600486732463
Random removal,101,0.6067509025270769,0.5939203246169462,0.6195814804372075
Random removal,102,0.6027436823104704,0.5897838094617043,0.6157035551592365
Random removal,103,0.5988447653429613,0.585739836633592,0.6119496940523306
Random removal,104,0.5948375451263547,0.5814388148008245,0.6082362754518849
Random removal,105,0.5907581227436832,0.5774712278463627,0.6040450176410037
Random removal,106,0.5871119133574015,0.5737249784698825,0.6004988482449206
Random removal,107,0.5833212996389899,0.5701272690825141,0.5965153301954658
Random removal,108,0.5796389891696758,0.5661964608874577,0.593081517451894
Random removal,109,0.5756678700361018,0.5621365171630615,0.5891992229091421
Random removal,110,0.5719494584837552,0.5584586873621261,0.5854402296053843
Random removal,111,0.5677978339350187,0.5540477912326498,0.5815478766373876
Random removal,112,0.5642238267148021,0.5507034232921234,0.5777442301374808
Random removal,113,0.5603610108303255,0.5470339505534376,0.5736880711072134
Random removal,114,0.5568231046931413,0.5433531833814442,0.5702930260048384
Random removal,115,0.5528880866425998,0.5393474458510827,0.5664287274341169
Random removal,116,0.5486642599277984,0.534896038315991,0.5624324815396059
Random removal,117,0.5446931407942244,0.5309029451971857,0.558483336391263
Random removal,118,0.5406859205776178,0.5271406139178799,0.5542312272373556
Random removal,119,0.5369675090252711,0.5232890761159892,0.5506459419345531
Random removal,120,0.5327797833935022,0.518914377164059,0.5466451896229454
Random removal,121,0.5287725631768957,0.5145021956894027,0.5430429306643887
Random removal,122,0.524837545126354,0.5106288884747765,0.5390462017779316
Random removal,123,0.5203971119133576,0.5059806292043453,0.5348135946223699
Random removal,124,0.5164981949458486,0.5021652341933782,0.530831155698319
Random removal,125,0.5122743682310471,0.49722240777106264,0.5273263286910316
Random removal,126,0.5084115523465705,0.49350411458276183,0.5233189901103793
Random removal,127,0.504332129963899,0.48928891810125924,0.5193753418265388
Random removal,128,0.5001805054151625,0.48474105345335294,0.515619957376972
Random removal,129,0.49635379061371837,0.48087924913666436,0.5118283320907724
Random removal,130,0.4926353790613717,0.4769670233830743,0.5083037347396692
Random removal,131,0.4888447653429601,0.4731371795017823,0.504552351184138
Random removal,132,0.485090252707581,0.4695803615863998,0.5006001438287622
Random removal,133,0.48097472924187706,0.465395393406958,0.4965540650767961
Random removal,134,0.477148014440433,0.4616008217360428,0.4926952071448232
Random removal,135,0.4732490974729239,0.45812215145198565,0.4883760434938621
Random removal,136,0.4690613718411549,0.4537858174594991,0.48433692622281066
Random removal,137,0.4650180505415159,0.44968709646896704,0.48034900461406477
Random removal,138,0.4608303249097469,0.44525504559938617,0.47640560422010764
Random removal,139,0.45714801444043274,0.44140225762020757,0.4728937712606579
Random removal,140,0.4530324909747288,0.4367779302263084,0.4692870517231492
Random removal,141,0.4490252707581222,0.43263131692786155,0.46541922458838286
Random removal,142,0.44516245487364564,0.42886583387552535,0.46145907587176593
Random removal,143,0.44079422382671424,0.42425062926008666,0.4573378183933418
Random removal,144,0.43685920577617265,0.42036346506942646,0.45335494648291885
Random removal,145,0.4328880866425987,0.41611064330773767,0.44966552997745973
Random removal,146,0.42927797833934955,0.41239104041443675,0.44616491626426236
Random removal,147,0.4249819494584831,0.4081576099836531,0.44180628893331314
Random removal,148,0.4211913357400715,0.40423469232929865,0.43814797915084436
Random removal,149,0.41711191335740005,0.39999020321363843,0.4342336235011617
Random removal,150,0.4130685920577611,0.3956438570439054,0.43049332707161675
Random removal,151,0.40880866425992707,0.39121895178777,0.42639837673208414
Random removal,152,0.40505415162454805,0.38774448265500994,0.42236382059408617
Random removal,153,0.4008664259927791,0.38339837864828474,0.41833447333727347
Random removal,154,0.3966425992779776,0.3789072851943958,0.41437791336155944
Random removal,155,0.3926714801444038,0.37454557540506,0.41079738488374756
Random removal,156,0.38848375451263484,0.3698914754795219,0.4070760335457478
Random removal,157,0.38382671480144365,0.3658684486725558,0.4017849809303315
Random removal,158,0.3794584837545123,0.3610083610245215,0.3979086064845031
Random removal,159,0.3759566787003608,0.3575128003249991,0.3944005570757225
Random removal,160,0.3721299638989168,0.3538318405020616,0.39042808729577194
Random removal,161,0.3681588447653429,0.35001751308800483,0.38630017644268094
Random removal,162,0.36436823104693145,0.3462321612030457,0.3825043008908172
Random removal,163,0.36068592057761756,0.34239920396874446,0.37897263718649066
Random removal,164,0.356895306859206,0.33855162724197135,0.37523898647644066
Random removal,165,0.35205776173285225,0.33369643616415656,0.37041908730154793
Random removal,166,0.3480866425992782,0.33036228049256455,0.3658110047059918
Random removal,167,0.3437545126353794,0.325652409274555,0.3618566159962037
Random removal,168,0.3393501805054156,0.321413038994369,0.3572873220164622
Random removal,169,0.33509025270758164,0.3172533519574822,0.35292715345768105
Random removal,170,0.3310830324909751,0.31299755413978414,0.34916851084216605
Random removal,171,0.3273285198555961,0.3097842578962051,0.34487278181498704
Random removal,172,0.32364620938628197,0.3058093455387281,0.34148307323383587
Random removal,173,0.3202166064981954,0.3022171894182728,0.338216023578118
Random removal,174,0.316064981949459,0.29764713854992353,0.33448282534899443
Random removal,175,0.311660649819495,0.2926679531394947,0.3306533464994953
Random removal,176,0.30765342960288855,0.28830008717742334,0.32700677202835376
Random removal,177,0.30386281588447694,0.2852269711383888,0.3224986606305651
Random removal,178,0.30018050541516283,0.2814578333593199,0.31890317747100577
Random removal,179,0.2962454873646213,0.27802566342114104,0.31446531130810157
Random removal,180,0.2927075812274372,0.27466302108364116,0.3107521413712332
Random removal,181,0.2882310469314083,0.2699110654056988,0.30655102845711774
Random removal,182,0.28447653429602915,0.2657424398144234,0.3032106287776349
Random removal,183,0.2805776173285201,0.26165418730129175,0.29950104735574845
Random removal,184,0.27682310469314103,0.25743374413318276,0.2962124652530993
Random removal,185,0.27335740072202186,0.25406196360835137,0.29265283783569235
Random removal,186,0.2695667870036103,0.250176238306645,0.28895733570057563
Random removal,187,0.2657761732851987,0.24594442727487856,0.2856079192955189
Random removal,188,0.26187725631768966,0.24198823974763767,0.28176627288774164
Random removal,189,0.25794223826714807,0.23824640860059562,0.27763806793370055
Random removal,190,0.25393501805054153,0.2337386080325611,0.274131428068522
Random removal,191,0.24967509025270757,0.2291521482092227,0.27019803229619244
Random removal,192,0.24584837545126348,0.2255072572187366,0.26618949368379036
Random removal,193,0.24209386281588435,0.2216731666852433,0.2625145589465254
Random removal,194,0.23754512635379046,0.2165010132545001,0.2585892394530808
Random removal,195,0.23386281588447638,0.21216221215124578,0.255563419617707
Random removal,196,0.22992779783393483,0.20781188662997124,0.2520437090378984
Random removal,197,0.22581227436823087,0.2033322101072712,0.24829233862919053
Random removal,198,0.22263537906137165,0.20046976070015632,0.24480099742258699
Random removal,199,0.21924187725631747,0.1970418384614384,0.24144191605119653
Random removal,200,0.2153790613718409,0.19324812517368392,0.23750999756999788
Random removal,201,0.2106498194945846,0.18804711189980836,0.23325252708936087
Random removal,202,0.2064620938628156,0.18347636308179624,0.22944782464383498
Random removal,203,0.20205776173285173,0.17838494871334395,0.2257305747523595
Random removal,204,0.1985198555956676,0.1753299952891305,0.22170971590220467
Random removal,205,0.19462093862815863,0.17044932860264506,0.2187925486536722
Random removal,206,0.1915162454873644,0.16755094949752655,0.21548154147720225
Random removal,207,0.18750902527075797,0.1626674141231385,0.21235063641837743
Random removal,208,0.18342960288808655,0.15873748678110464,0.20812171899506846
Random removal,209,0.17971119133574007,0.15546082031249467,0.20396156235898547
Random removal,210,0.17635379061371848,0.152675861997438,0.20003171922999896
Random removal,211,0.17231046931407948,0.14762283204796686,0.1969981065801921
Random removal,212,0.16787003610108314,0.14156301808941332,0.19417705411275296
Random removal,213,0.16444043321299653,0.13879285019741638,0.19008801622857668
Random removal,214,0.1601083032490976,0.13350829521368915,0.18670831128450607
Random removal,215,0.15664259927797852,0.13020880537607663,0.18307639317988042
Random removal,216,0.15256317689530702,0.1262805906677622,0.17884576312285183
Random removal,217,0.14841155234657055,0.12191309508715745,0.17491000960598366
Random removal,218,0.14429602888086657,0.1178445114501547,0.17074754631157843
Random removal,219,0.14111913357400732,0.11520235923659984,0.16703590791141482
Random removal,220,0.13732851985559577,0.11123545017657463,0.1634215895346169
Random removal,221,0.1330324909747293,0.10534132270694671,0.1607236592425119
Random removal,222,0.1288808664259928,0.10152390436464907,0.15623782848733653
Random removal,223,0.12469314079422388,0.0966662559016647,0.15272002568678306
Random removal,224,0.12097472924187729,0.09300391343261696,0.1489455450511376
Random removal,225,0.11740072202166064,0.08969004523958761,0.1451113988037337
Random removal,226,0.1131768953068592,0.08516431675592533,0.14118947385779307
Random removal,227,0.11018050541516246,0.08196608186974405,0.13839492896058087
Random removal,228,0.10512635379061373,0.07557286908873054,0.13467983849249693
Random removal,229,0.10166064981949456,0.07196744667889547,0.13135385296009366
Random removal,230,0.09736462093862813,0.06771696276284904,0.12701227911440724
Random removal,231,0.09436823104693136,0.06543717667073716,0.12329928542312556
Random removal,232,0.0906498194945848,0.06186074189360153,0.11943889709556807
Random removal,233,0.08729241877256311,0.05892954401743208,0.11565529352769413
Random removal,234,0.08379061371841154,0.05647798323795235,0.11110324419887073
Random removal,235,0.08068592057761731,0.05374659105615266,0.10762525009908196
Random removal,236,0.07768953068592055,0.051796209033562995,0.1035828523382781
Random removal,237,0.07458483754512632,0.048728453094895444,0.1004412219953572
Random removal,238,0.07043321299638985,0.04533497975834365,0.09553144623443606
Random removal,239,0.06689530685920576,0.04192348660161363,0.0918671271167979
Random removal,240,0.0627797833935018,0.03829002603961748,0.08726954074738613
Random removal,241,0.05996389891696751,0.0362497479115251,0.08367804992240993
Random removal,242,0.057039711191335725,0.03397790509913337,0.08010151728353808
Random removal,243,0.054693140794223834,0.032383549507482776,0.07700273208096489
Random removal,244,0.050830324909747295,0.029123049125212748,0.07253760069428183
Random removal,245,0.047833935018050534,0.026681408706770982,0.06898646132933009
Random removal,246,0.044657039711191324,0.024846048649011885,0.06446803077337077
Random removal,247,0.04249097472924187,0.023485805691348456,0.06149614376713528
Random removal,248,0.039025270758122746,0.02075583981389171,0.05729470170235378
Random removal,249,0.03693140794223827,0.019261535026730493,0.05460128085774606
Random removal,250,0.03498194945848377,0.017743193084637315,0.052220705832330225
Random removal,251,0.031299638989169674,0.015137996087129693,0.047461281891209656
Random removal,252,0.028989169675090246,0.01335416335427228,0.04462417599590821
Random removal,253,0.02743682310469315,0.012476978086448603,0.04239666812293769
Random removal,254,0.025703971119133584,0.011537068973943094,0.03987087326432408
Random removal,255,0.023176895306859208,0.010163701520507202,0.03619008909321121
Random removal,256,0.02209386281588447,0.009786719177410681,0.03440100645435826
Random removal,257,0.020505415162454875,0.009621980491527255,0.0313888498333825
Random removal,258,0.018953068592057764,0.008685890215189174,0.029220246968926354
Random removal,259,0.017761732851985564,0.0078030038986265475,0.02772046180534458
Random removal,260,0.016028880866425996,0.007107109883892574,0.024950651848959417
Random removal,261,0.01418772563176895,0.005973742522185004,0.022401708741352895
Random removal,262,0.013249097472924187,0.0054832739036243024,0.02101492104222407
Random removal,263,0.012707581227436829,0.005210430737000406,0.02020473171787325
Random removal,264,0.011444043321299648,0.004597131759777922,0.018290954882821373
Random removal,265,0.010324909747292423,0.004253176710937921,0.016396642783646925
Random removal,266,0.009169675090252714,0.003515584718328328,0.0148237654621771
Random removal,267,0.008375451263537913,0.0033773509365802963,0.013373551590495528
Random removal,268,0.007545126353790617,0.003069068490368928,0.012021184217212304
Random removal,269,0.0067509025270758175,0.0028547484807147456,0.01064705657343689
Random removal,270,0.006209386281588451,0.002726222734119702,0.0096925498290572
Random removal,271,0.005595667870036102,0.0023758751443471345,0.008815460595725069
Random removal,272,0.004909747292418769,0.002368904094714544,0.007450590490122993
Random removal,273,0.004296028880866422,0.0026179667916543937,0.0059740909700784495
Random removal,274,0.003971119133574004,0.002882630524990019,0.0050596077421579885
Random removal,275,0.0037184115523465674,0.0030994707292499426,0.004337352375443192
Random removal,276,0.0036101083032490946,0.0036101083032490915,0.0036101083032490976
Random removal,277,0.0,0.0,0.0
