node_id,name,degree,degree_centrality,closeness,betweenness,pagerank
Spider-Man,Spider-Man,106,0.38405797101449274,0.5948275862068966,0.2349468109924437,0.05014098886965177
Hulk,Hulk,65,0.23550724637681159,0.5257142857142857,0.10504922646350522,0.027998476210234952
Wolverine_(character),Wolverine (character),63,0.2282608695652174,0.523719165085389,0.09247007767117231,0.025926158491162945
Doctor_Strange,Doctor Strange,57,0.20652173913043478,0.5168539325842697,0.08267034461965445,0.02072355595361328
Deadpool,Deadpool,41,0.14855072463768115,0.4937388193202147,0.05599383626150203,0.014809219214712009
She-Hulk,She-Hulk,37,0.13405797101449277,0.4816753926701571,0.0398037765336183,0.012177549718325334
Hercules_(Marvel_Comics),Hercules (Marvel Comics),26,0.09420289855072464,0.467005076142132,0.03737937581542801,0.012241783266214676
Black_Widow_(Natasha_Romanova),Black Widow (Natasha Romanova),25,0.09057971014492754,0.46,0.03512029844667589,0.010101026838963332
Phoenix_Force,Phoenix (Guardians of the Galaxy),32,0.11594202898550725,0.4709897610921502,0.02570981488784128,0.013601939701146624
U.S._Agent,U.S. Agent,21,0.07608695652173914,0.45098039215686275,0.025459877680132557,0.0022128709810483923
Scarlet_Witch,Scarlet Witch,32,0.11594202898550725,0.4750430292598967,0.02434413623096369,0.012886612751302772
Quasar_(character),Quasar (character),24,0.08695652173913043,0.40828402366863903,0.024216121280981107,0.012659731704607087
Moon_Knight,Moon Knight,27,0.09782608695652174,0.46938775510204084,0.023422991518455945,0.008406113885381762
Cable_(character),Cable (character),24,0.08695652173913043,0.43260188087774293,0.021911164658837492,0.011572247313429651
Cloak_and_Dagger_(characters),Cloak and Dagger (characters),28,0.10144927536231885,0.467005076142132,0.0213922247645382,0.004699893062432817
Deathlok,Deathlok,20,0.07246376811594203,0.43601895734597157,0.021330119722229788,0.005749076879997723
Hank_Pym,Hank Pym,27,0.09782608695652174,0.4346456692913386,0.02098349723286165,0.008529676053961403
Iron_Fist_(character),Iron Fist (character),26,0.09420289855072464,0.44660194174757284,0.020884731490128542,0.008671767982489963
Black_Panther_(character),Black Panther (character),31,0.11231884057971014,0.4495114006514658,0.020627146238301714,0.010490186542700512
Nova_(Richard_Rider),Nova (Richard Rider),21,0.07608695652173914,0.43328100470957615,0.019137154637872075,0.009763796040828877
Adam_Warlock,Adam Warlock,25,0.09057971014492754,0.467005076142132,0.01854582759474331,0.004040626193420012
Emma_Frost,Emma Frost,27,0.09782608695652174,0.44660194174757284,0.017229596614624424,0.00817812998496088
Luke_Cage,Luke Cage,28,0.10144927536231885,0.45320197044334976,0.01664761661317231,0.010861300213581199
Black_Bolt,Black Bolt,18,0.06521739130434782,0.4423076923076923,0.016169937158098096,0.006299837394908441
Darkhawk,Darkhawk,15,0.05434782608695652,0.431924882629108,0.015739854546835567,0.00470028318628846
Captain_Universe,Captain Universe,17,0.06159420289855073,0.4437299035369775,0.015329332039641198,0.0035461550854540905
Star_Brand,Star Brand,16,0.057971014492753624,0.4029197080291971,0.014780366029678853,0.003494124220606266
Rachel_Summers,Rachel Summers,24,0.08695652173913043,0.4416,0.014339778980282795,0.008984013083981978
War_Machine,War Machine,16,0.057971014492753624,0.39598278335724535,0.013558834863767267,0.004478158666768219
Venom_(character),Venom (character),29,0.10507246376811594,0.46308724832214765,0.013153420980705348,0.01366147439010725
Ghost_Rider,Ghost Rider,22,0.07971014492753624,0.4524590163934426,0.012907214516713813,0.006562853437919369
Human_Torch_(android),Human Torch (android),17,0.06159420289855073,0.38764044943820225,0.012352108351859573,0.008547116572602457
Mockingbird_(Marvel_Comics),Mockingbird (Marvel Comics),21,0.07608695652173914,0.4416,0.012248869888957764,0.00483879642736678
Shang-Chi,Shang-Chi,18,0.06521739130434782,0.44301765650080255,0.012160648592646464,0.006328825190586594
Human_Torch,Human Torch,18,0.06521739130434782,0.43601895734597157,0.012080761171325893,0.008906450429739556
Betsy_Braddock,Betsy Braddock,28,0.10144927536231885,0.4623115577889447,0.011845985097113357,0.0044481460002437105
Cyclops_(Marvel_Comics),Cyclops (Marvel Comics),26,0.09420289855072464,0.4107142857142857,0.011747653026827624,0.012280947802650691
Jean_Grey,Jean Grey,24,0.08695652173913043,0.42923794712286156,0.010814104873744596,0.012990947045335429
Doctor_Nemesis,Doctor Nemesis,15,0.05434782608695652,0.4339622641509434,0.010356135759167502,0.003941123938096839
Rom_the_Space_Knight,Rom the Space Knight,15,0.05434782608695652,0.4150375939849624,0.010059905505742742,0.003626199802052276
Hellion_(character),Hellion (character),12,0.043478260869565216,0.4188163884673748,0.009333163221761833,0.0015130861574368204
Eddie_Brock,Eddie Brock,22,0.07971014492753624,0.43670886075949367,0.009292254154006495,0.0031459469837735793
Storm_(Marvel_Comics),Storm (Marvel Comics),27,0.09782608695652174,0.45394736842105265,0.009130319124596192,0.009278390997254492
Noh-Varr,Noh-Varr,18,0.06521739130434782,0.45024469820554647,0.008870432324370608,0.002353332245982068
Werewolf_by_Night,Werewolf by Night,15,0.05434782608695652,0.43328100470957615,0.00867480725683697,0.0039439538018920745
Solo_(Marvel_Comics),Solo (Marvel Comics),13,0.04710144927536232,0.41818181818181815,0.008448384960589231,0.0007733059856300339
Guardsman_(character),Guardsman (character),8,0.028985507246376812,0.3719676549865229,0.008399531107300958,0.0015125587320331587
Blade_(character),Blade (character),22,0.07971014492753624,0.44516129032258067,0.008387440004701305,0.008540617611382166
Star-Lord,Star-Lord,17,0.06159420289855073,0.4423076923076923,0.00828251891492216,0.00550767052459589
Quicksilver_(Marvel_Comics),Quicksilver (Marvel Comics),15,0.05434782608695652,0.3954154727793696,0.008263748884163263,0.005588674974260044
Man-Thing,Man-Thing,20,0.07246376811594203,0.43879173290937995,0.008206729903904803,0.005839739364171919
Rocket_Raccoon,Rocket Raccoon,16,0.057971014492753624,0.4339622641509434,0.008134042801912685,0.004791657686016458
Genis-Vell,Genis-Vell,8,0.028985507246376812,0.34892541087231355,0.007777682979737589,0.00349449634033207
Nightmask,Nightmask,5,0.018115942028985508,0.32242990654205606,0.007656023014765652,0.0019995808486485632
Turbo_(comics),Turbo (comics),5,0.018115942028985508,0.32857142857142857,0.007513454854109664,0.002735973526355806
Spider-Woman_(Jessica_Drew),Spider-Woman (Jessica Drew),22,0.07971014492753624,0.43260188087774293,0.007340907497792916,0.007078716823000467
Captain_Marvel_(Marvel_Comics),Captain Marvel (Marvel Comics),17,0.06159420289855073,0.4052863436123348,0.00732259932502273,0.00850167305391955
Franklin_Richards_(character),Franklin Richards (character),14,0.050724637681159424,0.38928067700987307,0.0073055022617779354,0.006165832457144305
Rockman_(character),Rockman (character),2,0.007246376811594203,0.3161512027491409,0.007246376811594203,0.0005300214031699635
Black_Cat_(Marvel_Comics),Black Cat (Marvel Comics),28,0.10144927536231885,0.45024469820554647,0.007148938280803568,0.017605551735771423
Brian_Braddock,Brian Braddock,11,0.03985507246376812,0.42073170731707316,0.006766386333664816,0.0006650657704849535
Robbie_Baldwin,Robbie Baldwin,15,0.05434782608695652,0.4416,0.0064702399557294505,0.002562836415645855
Bill_Foster_(character),Bill Foster (character),17,0.06159420289855073,0.4444444444444444,0.006163821532951749,0.004954115731926111
Misty_Knight,Misty Knight,21,0.07608695652173914,0.43740095087163233,0.0060210997255721955,0.007276252709264715
Anya_Corazon,Anya Corazon,16,0.057971014492753624,0.4017467248908297,0.005810076769810651,0.0042972308730814006
Spider-Woman_(Gwen_Stacy),Spider-Woman (Gwen Stacy),18,0.06521739130434782,0.40588235294117647,0.00559454441050461,0.010338985200128001
Union_Jack_(Marvel_Comics),Union Jack (Marvel Comics),8,0.028985507246376812,0.350253807106599,0.005406870241694389,0.0036794086767443107
Garrison_Kane,Garrison Kane,7,0.025362318840579712,0.3791208791208791,0.0053791877071823375,0.0007785540018989366
Ikaris,Ikaris,5,0.018115942028985508,0.35159235668789807,0.005315441206878625,0.001114923295273683
Tarantula_(Marvel_Comics),Tarantula (Marvel Comics),13,0.04710144927536232,0.40588235294117647,0.004774771052617009,0.0023276254591909464
Bucky_(Marvel_Comics),Bucky (Marvel Comics),12,0.043478260869565216,0.3589076723016905,0.004704911391915597,0.003917322657463471
Mayday_Parker,Mayday Parker,18,0.06521739130434782,0.4175491679273828,0.004660898329696284,0.014294013379939324
Northstar_(character),Northstar (character),17,0.06159420289855073,0.4175491679273828,0.00463895378575525,0.001769974480910937
Machine_Man,Machine Man,14,0.050724637681159424,0.43670886075949367,0.004624848295052044,0.002520104134434009
Moondragon,Moondragon,15,0.05434782608695652,0.3909348441926346,0.004570352930664159,0.004230422744956561
Blazing_Skull,Blazing Skull,8,0.028985507246376812,0.375,0.004506232138324672,0.001443921577637104
Ghost_Rider_(Johnny_Blaze),Ghost Rider (Johnny Blaze),15,0.05434782608695652,0.43260188087774293,0.004458833582067069,0.004355880505890899
Red_Wolf_(comics),Red Wolf (comics),9,0.03260869565217391,0.39598278335724535,0.004439789789272259,0.0011420713093387989
Hyperion_(character),Hyperion (character),10,0.036231884057971016,0.3812154696132597,0.004427166886988874,0.003972023724659192
Jessica_Jones,Jessica Jones,18,0.06521739130434782,0.4458804523424879,0.004279117151630502,0.0042500846762471975
Vance_Astrovik,Vance Astrovik,11,0.03985507246376812,0.37551020408163266,0.004184069688164738,0.0012424244457530705
Morbius,Morbius,19,0.06884057971014493,0.4495114006514658,0.004145977038869023,0.004567207674791622
Sabra_(character),Sabra (character),10,0.036231884057971016,0.42201834862385323,0.004136403672644219,0.0011005782435979002
Elsa_Bloodstone,Elsa Bloodstone,15,0.05434782608695652,0.40828402366863903,0.00404782077141716,0.002039504590629859
Firebird_(Marvel_Comics),Firebird (Marvel Comics),13,0.04710144927536232,0.416289592760181,0.00399676653739389,0.0015443736614817543
Karnak_(character),Karnak (character),10,0.036231884057971016,0.39598278335724535,0.003933526129972923,0.0015371762733808192
Gwenpool,Gwenpool,15,0.05434782608695652,0.4437299035369775,0.003896882530202447,0.00454155684085134
William_Burnside_(character),William Burnside (character),5,0.018115942028985508,0.3881856540084388,0.0038796502535821706,0.0017612098212628764
Union_Jack_(Joseph_Chapman),Union Jack (Joseph Chapman),7,0.025362318840579712,0.33658536585365856,0.0037741093110523123,0.002653893492303776
Doctor_Druid,Doctor Druid,9,0.03260869565217391,0.39316239316239315,0.0037088060840058936,0.0015522964746402042
Stingray_(Marvel_Comics),Stingray (Marvel Comics),8,0.028985507246376812,0.39655172413793105,0.0035536623845748507,0.0006426509354145066
Frankenstein's_Monster_(Marvel_Comics),Frankenstein's Monster (Marvel Comics),11,0.03985507246376812,0.40828402366863903,0.0035354617412791506,0.001305437165444943
Makkari_(character),Makkari (character),6,0.021739130434782608,0.32018561484918795,0.0034041723753930257,0.002633413921656424
Sentry_(Robert_Reynolds),Sentry (Robert Reynolds),12,0.043478260869565216,0.4265842349304482,0.003383995630888037,0.004972671587022414
Toro_(character),Toro (character),7,0.025362318840579712,0.3909348441926346,0.003379208301692016,0.002178973933035126
Hulkling,Hulkling,11,0.03985507246376812,0.40707964601769914,0.003255372824995988,0.0015092549261337758
Blue_Diamond_(character),Blue Diamond (character),9,0.03260869565217391,0.336996336996337,0.0031443899280369633,0.0006012767238342255
Arabian_Knight_(character),Arabian Knight (character),10,0.036231884057971016,0.3898305084745763,0.0030469047334393687,0.001296643631662772
Jericho_Drumm,Jericho Drumm,15,0.05434782608695652,0.41317365269461076,0.003033405556145122,0.007826301967388422
Spider-Woman,Spider-Woman,17,0.06159420289855073,0.416289592760181,0.002986675928767861,0.006040566696716627
Ares_(Marvel_Comics),Ares (Marvel Comics),9,0.03260869565217391,0.36947791164658633,0.0029673695157766467,0.0028185396934353756
Wolverine_(Ultimate_Marvel_character),Wolverine (Ultimate Marvel character),11,0.03985507246376812,0.4011627906976744,0.002898867293722745,0.004711355074004735
Red_Guardian,Red Guardian,8,0.028985507246376812,0.3828016643550624,0.0027725036623929933,0.003155070919588897
Spider-Bitch_(Ashley_Barton),Spider-Bitch (Ashley Barton),16,0.057971014492753624,0.4380952380952381,0.0027612168115109486,0.0011368603600052326
Radioactive_Man_(comics),Radioactive Man (comics),11,0.03985507246376812,0.416289592760181,0.002710304628001589,0.0024612493357597885
Beta_Ray_Bill,Beta Ray Bill,7,0.025362318840579712,0.416289592760181,0.0026567555842322353,0.0008493718746309265
Outlaw_(Marvel_Comics),Outlaw (Marvel Comics),9,0.03260869565217391,0.3699731903485255,0.0026056385771970865,0.0028116449106871935
Black_Knight_(Marvel_Comics),Black Knight (Marvel Comics),7,0.025362318840579712,0.375,0.0025373812044095093,0.003480608231754747
Whizzer_(Robert_Frank),Whizzer (Robert Frank),8,0.028985507246376812,0.3709677419354839,0.0024740020154788087,0.003533005804342013
Jubilee_(character),Jubilee (character),15,0.05434782608695652,0.4029197080291971,0.002440850863670513,0.004938926598403551
John_Jameson_(character),John Jameson (character),14,0.050724637681159424,0.4265842349304482,0.002379372933931516,0.0032399162911442713
Motormouth_(comics),Motormouth (comics),4,0.014492753623188406,0.37398373983739835,0.002342383370243776,0.0008542756822430441
Ghost_Rider_(Danny_Ketch),Ghost Rider (Danny Ketch),10,0.036231884057971016,0.42201834862385323,0.0022856761590607944,0.002773316701459914
Ms._Marvel,Ms. Marvel,11,0.03985507246376812,0.3948497854077253,0.0022787569258156,0.0050909351135206785
Ajak,Ajak,4,0.014492753623188406,0.3281807372175981,0.002243876243716487,0.0011420713093387989
Doom_2099,Doom 2099,9,0.03260869565217391,0.4046920821114369,0.0022213584920997916,0.0011641809766849399
Puck_(Marvel_Comics),Puck (Marvel Comics),9,0.03260869565217391,0.4194528875379939,0.002086747241973852,0.002648063975534589
Patsy_Walker,Patsy Walker,13,0.04710144927536232,0.4052863436123348,0.0020396541164524854,0.0036668544458933047
Chase_Stein,Chase Stein,6,0.021739130434782608,0.36947791164658633,0.0020081333952712602,0.0021376533499813965
Delroy_Garrett,Delroy Garrett,7,0.025362318840579712,0.34980988593155893,0.001967414011376531,0.0024952444945681206
Devil_Dinosaur,Devil Dinosaur,12,0.043478260869565216,0.43879173290937995,0.0019359659845460185,0.0017305951772139147
Nomad_(Marvel_Comics),Nomad (Marvel Comics),6,0.021739130434782608,0.3454317897371715,0.0018745807623078584,0.002287347184130949
Shuri_(character),Shuri (character),10,0.036231884057971016,0.42724458204334365,0.0018483395257376542,0.0031316974400087687
Spider-Girl,Spider-Girl,14,0.050724637681159424,0.40828402366863903,0.0018389525098775933,0.0025294438014414724
Guardian_(Marvel_Comics),Guardian (Marvel Comics),7,0.025362318840579712,0.35069885641677256,0.0017895464314852468,0.003315476533431955
Justice_(New_Universe),Justice (New Universe),6,0.021739130434782608,0.32662721893491126,0.0017711553812952692,0.00102202788323028
Ronin_(Marvel_Comics),Ronin (Marvel Comics),7,0.025362318840579712,0.39655172413793105,0.0017374296061941745,0.0021953905840537075
Red_Raven_(Marvel_Comics),Red Raven (Dania),5,0.018115942028985508,0.33617539585870887,0.0017113045038595028,0.0006580639582427408
Vulcan_(Marvel_Comics),Vulcan (Marvel Comics),11,0.03985507246376812,0.37347767253044656,0.0016935268322920969,0.004929364929959642
Silk_(character),Silk (character),12,0.043478260869565216,0.39598278335724535,0.0016697164766930567,0.009774241561630058
Vindicator_(comics),Vindicator (comics),6,0.021739130434782608,0.34980988593155893,0.0016535905998772411,0.0031916227288084037
Paladin_(comics),Paladin (comics),13,0.04710144927536232,0.41566265060240964,0.0016288952930645269,0.0028626834924958835
"Bob,_Agent_of_Hydra","Bob, Agent of Hydra",7,0.025362318840579712,0.42724458204334365,0.0015803709106315131,0.0017896717876682428
Kismet_(Marvel_Comics),Kismet (Marvel Comics),9,0.03260869565217391,0.38928067700987307,0.0015603887707204141,0.0013507588372058765
Two-Gun_Kid,Two-Gun Kid,6,0.021739130434782608,0.345,0.0015135949884659138,0.001485762302382888
Jeffrey_Mace,Jeffrey Mace,8,0.028985507246376812,0.32779097387173395,0.001507491701118767,0.002732164560108058
Gargoyle_(comics),Gargoyle (comics),8,0.028985507246376812,0.375,0.0014947637397598793,0.0047596929106278945
Gladiator_(Kallark),Gladiator (Kallark),10,0.036231884057971016,0.4125560538116592,0.0014745236961267213,0.0030174613886060236
Jack_Frost_(Marvel_Comics),Jack Frost (Marvel Comics),7,0.025362318840579712,0.3437110834371108,0.001457771867295519,0.0005868086375784788
Rikki_Barnes,Rikki Barnes,6,0.021739130434782608,0.33212996389891697,0.001411726600379519,0.001690925139704967
Spitfire_(character),Spitfire (character),6,0.021739130434782608,0.33865030674846625,0.0013183216673845852,0.002996586568306392
Phyla-Vell,Phyla-Vell,9,0.03260869565217391,0.36363636363636365,0.0013162513253708683,0.0068733845541894085
Hulk_2099,Hulk 2099,4,0.014492753623188406,0.36750998668442075,0.0012974560677708772,0.0008137232085503703
Black_Marvel,Black Marvel,6,0.021739130434782608,0.3865546218487395,0.0012677244619914987,0.001904779672736992
Living_Lightning,Living Lightning,6,0.021739130434782608,0.3791208791208791,0.0012620821356461819,0.0029486198584598913
Shatterstar,Shatterstar,5,0.018115942028985508,0.32857142857142857,0.0012585575631756814,0.0021601915829907977
Frog-Man,Frog-Man,6,0.021739130434782608,0.38928067700987307,0.0012520732704196338,0.0016009921088297528
Abomination_(character),Abomination (character),9,0.03260869565217391,0.4226646248085758,0.0012310252687907117,0.005274026936912558
Leech_(character),Leech (character),6,0.021739130434782608,0.3399014778325123,0.0011829931941604286,0.0012133361135600084
Kristoff_Vernard,Kristoff Vernard,8,0.028985507246376812,0.4005805515239477,0.0010943023340739294,0.002200397333106172
Scarlet_Spider,Scarlet Spider,8,0.028985507246376812,0.3948497854077253,0.001088617637313789,0.008639749767442938
Isaiah_Bradley,Isaiah Bradley,7,0.025362318840579712,0.3971223021582734,0.0010184573261604523,0.0005300214031699635
Speed_(character),Speed (character),7,0.025362318840579712,0.37398373983739835,0.0009875636278603485,0.0019093427863779199
Golem_(Marvel_Comics),Golem (Marvel Comics),3,0.010869565217391304,0.35069885641677256,0.0009145990186622803,0.0011055533839706183
White_Tiger_(comics),White Tiger (comics),5,0.018115942028985508,0.3898305084745763,0.0008680370763527978,0.0015662935995652987
Hybrid_(Scott_Washington),Hybrid (Scott Washington),5,0.018115942028985508,0.3898305084745763,0.0008245746767959797,0.0008808103186103885
Iron_Man_(Ultimate_Marvel_character),Iron Man (Ultimate Marvel character),5,0.018115942028985508,0.4076809453471196,0.0008076961121711706,0.0010305764070510624
Shamrock_(comics),Shamrock (comics),8,0.028985507246376812,0.3796423658872077,0.0008074398242091887,0.0005300214031699635
Iron_Man_2020,Iron Man 2020,6,0.021739130434782608,0.39598278335724535,0.0007570557766431165,0.0019430779469221393
Gauntlet_(Joseph_Green),Gauntlet (Joseph Green),6,0.021739130434782608,0.38068965517241377,0.0007509924895580034,0.0008293683443188148
Doctor_Spectrum,Alice Nugent,7,0.025362318840579712,0.38333333333333336,0.0007099054453251095,0.0013628307491989665
Thor_Girl,Thor Girl,4,0.014492753623188406,0.3520408163265306,0.000671023014561754,0.0015763632241622303
Ricochet_(comics),Ricochet (comics),6,0.021739130434782608,0.4005805515239477,0.0006386751333614714,0.0010581851974225012
Killraven,Killraven,7,0.025362318840579712,0.3954154727793696,0.0006281323925327032,0.001970438148646502
Black_Rider_(character),Black Rider (character),4,0.014492753623188406,0.3493670886075949,0.0006009171862949991,0.0008457632538550275
Fin_Fang_Foom,Fin Fang Foom,7,0.025362318840579712,0.368,0.0005891989408510868,0.0015660299410395267
Phil_Urich,Phil Urich,5,0.018115942028985508,0.3190751445086705,0.0005476293991195087,0.004916295369974712
Spider-Man_Noir,Spider-Man Noir,9,0.03260869565217391,0.39655172413793105,0.0005437396552979368,0.008999775688529974
Citizen_V,Citizen V,3,0.010869565217391304,0.323943661971831,0.0005066107949604889,0.0013945549363021822
Crane_Mother,Crane Mother,3,0.010869565217391304,0.35984354628422427,0.0005016132288081175,0.0009906671099682782
Dusk_(comics),Dusk (comics),6,0.021739130434782608,0.3817427385892116,0.000498735479780636,0.0011650335545768222
Yelena_Belova,Yelena Belova,7,0.025362318840579712,0.360313315926893,0.0004925769791059395,0.0021841571311393294
Fandral,Fandral,2,0.007246376811594203,0.3462986198243413,0.000484853011092319,0.0014166103624533963
Satana_(Marvel_Comics),Satana (Marvel Comics),10,0.036231884057971016,0.4125560538116592,0.00048134894249588997,0.0029616421893600454
Raza_Longknife,Raza Longknife,5,0.018115942028985508,0.34892541087231355,0.00047890647627815924,0.0014558081148099596
Xorn,Xorn,9,0.03260869565217391,0.423963133640553,0.00047559512762830814,0.0029432749834502107
Jack_Monroe_(character),Jack Monroe (character),4,0.014492753623188406,0.32857142857142857,0.00046939056401231805,0.0017612098212628764
Hornet_(comics),Hornet (comics),6,0.021739130434782608,0.359375,0.00046031670724490067,0.0015567762177200795
Marvel_Boy_(Robert_Grayson),Marvel Boy (Robert Grayson),3,0.010869565217391304,0.31363636363636366,0.00041504774416309067,0.004824733791217967
Debrii,Debrii,5,0.018115942028985508,0.3445692883895131,0.00038261849974567094,0.0006620453393095178
Empath_(character),Empath (character),5,0.018115942028985508,0.33093525179856115,0.0003788604912910164,0.0016840193737109898
Human_Fly_(character),Human Fly (character),5,0.018115942028985508,0.38227146814404434,0.0003753533843150887,0.0005300214031699635
Iron_Lad,Iron Lad,6,0.021739130434782608,0.372972972972973,0.00037189362230997936,0.0009566772988292829
Thin_Man_(character),Thin Man (character),4,0.014492753623188406,0.31833910034602075,0.0003570384222088725,0.0007521553652146176
Ursa_Major_(character),Ursa Major (character),4,0.014492753623188406,0.38016528925619836,0.0003491185396362364,0.0005300214031699635
Rockslide_(character),Rockslide (character),7,0.025362318840579712,0.38333333333333336,0.00034910202508571547,0.0010097998609808435
Blue_Marvel,Blue Marvel,5,0.018115942028985508,0.3709677419354839,0.00031830974612678125,0.001350840497661601
Lei_Kung_(character),Lei Kung (character),4,0.014492753623188406,0.345,0.000307713562385289,0.0019514756450335477
Ch'od,Ch'od,6,0.021739130434782608,0.3471698113207547,0.000305846453801733,0.002212432316056425
Wild_Child_(character),Wild Child (character),3,0.010869565217391304,0.3471698113207547,0.0003008236984393965,0.0005300214031699635
Gorgon_(Inhuman),Gorgon (Inhuman),5,0.018115942028985508,0.33133253301320525,0.00029990497390892517,0.002015084185433231
Kid_Colt,Kid Colt,4,0.014492753623188406,0.3250883392226148,0.0002962914640904575,0.0011333522001735746
Anole_(character),Anole (character),8,0.028985507246376812,0.3561290322580645,0.000293627059980062,0.0016079357735196771
Starhawk_(character),Starhawk (character),6,0.021739130434782608,0.3471698113207547,0.00023149741216156377,0.0008729007363234193
Power_Man_(Victor_Alvarez),Power Man (Victor Alvarez),4,0.014492753623188406,0.3699731903485255,0.0002274858070999224,0.0012949574983613294
Nightwatch_(character),Nightwatch (character),4,0.014492753623188406,0.3898305084745763,0.00022381812518694147,0.0006964819404760608
Ravage_2099,Ravage 2099,4,0.014492753623188406,0.3865546218487395,0.000222520392281602,0.00149236128725016
Jean_Grey_(X-Men_film_series),Jean Grey (X-Men film series),5,0.018115942028985508,0.34074074074074073,0.0002156564360508849,0.0014502465718009218
Spider-UK,Spider-UK,8,0.028985507246376812,0.38873239436619716,0.0002150317139993954,0.006132621520359417
Agent_X_(Marvel_Comics),Agent X (Marvel Comics),5,0.018115942028985508,0.35475578406169667,0.00020985731760318597,0.0021076255505553137
Mania_(character),Mania (character),7,0.025362318840579712,0.4150375939849624,0.00020331458249082149,0.0010828626375062758
Balder_the_Brave,Balder the Brave,3,0.010869565217391304,0.32432432432432434,0.00018927388283352013,0.002086333747734964
Rusty_Collins,Rusty Collins,4,0.014492753623188406,0.3289630512514899,0.0001839701837903502,0.001541301356892791
Crippler_(character),Crippler (character),4,0.014492753623188406,0.345,0.0001838065776141926,0.0005300214031699635
Hawkeye_(comics),Hawkeye (comics),3,0.010869565217391304,0.3317307692307692,0.00017644241646052724,0.0005300214031699635
Peggy_Carter,Peggy Carter,3,0.010869565217391304,0.3087248322147651,0.00017282099102756596,0.0015787485812803
Janice_Lincoln,Janice Lincoln,5,0.018115942028985508,0.3954154727793696,0.00016128298052327412,0.0007880267639088553
Bug_(Marvel_Comics),Bug (Marvel Comics),4,0.014492753623188406,0.33093525179856115,0.00015500143870737342,0.0009981979459619565
Cammi_(character),Cammi (character),4,0.014492753623188406,0.3187066974595843,0.0001531157699078138,0.00171480693208809
Typeface_(character),Typeface (character),4,0.014492753623188406,0.39260312944523473,0.00014855345386262232,0.0005847919474219108
Gremlin_(comics),Gremlin (comics),4,0.014492753623188406,0.3660477453580902,0.0001363716479926445,0.0005300214031699635
Skull_the_Slayer,Skull the Slayer,3,0.010869565217391304,0.32167832167832167,0.00013189611686267473,0.0006835554307370675
Hrimhari,Hrimhari,2,0.007246376811594203,0.3094170403587444,0.00012787456647161692,0.0011421420302974376
Hit-Monkey,Hit-Monkey,4,0.014492753623188406,0.39372325249643364,0.00012332423195397885,0.0009436780598316477
Blue_Bullet,Blue Bullet,3,0.010869565217391304,0.31186440677966104,0.0001106207375659936,0.0013532681092863772
Magician_(Marvel_Comics),Magician (Marvel Comics),3,0.010869565217391304,0.3317307692307692,0.00011005997295139691,0.0014365190404608662
Battlestar_(character),Battlestar (character),3,0.010869565217391304,0.33053892215568864,0.00010795569861868617,0.0010491756950833098
She-Hulk_(Lyra),She-Hulk (Lyra),6,0.021739130434782608,0.4169184290030212,9.782523663016572e-05,0.003427241785726002
Powerhouse_(Marvel_Comics),Powerhouse (Marvel Comics),4,0.014492753623188406,0.4017467248908297,9.11612000672592e-05,0.0012846229322007816
Flatman_(character),Flatman (character),3,0.010869565217391304,0.3374083129584352,8.834206344087766e-05,0.0010313421040263932
Darkdevil,Darkdevil,4,0.014492753623188406,0.36268068331143233,8.72216458745718e-05,0.0013975783312851339
Anne_Weying,She-Venom (Patricia Robertson),5,0.018115942028985508,0.3954154727793696,8.454634741728317e-05,0.0016776774668428454
Scarlet_Scarab,Scarlet Scarab,2,0.007246376811594203,0.3333333333333333,8.379261047245237e-05,0.0005300214031699635
Steel_Spider,Steel Spider,4,0.014492753623188406,0.38016528925619836,6.618181506745062e-05,0.0009243970198111558
Box_(comics),Box (comics),3,0.010869565217391304,0.27906976744186046,5.910031996988519e-05,0.0006403155249016595
Killpower,Killpower,3,0.010869565217391304,0.3520408163265306,5.8625539760485414e-05,0.0007629481923664121
Fabio_Medina,Fabio Medina,3,0.010869565217391304,0.3898305084745763,5.814168344167752e-05,0.0005300214031699635
Coldblood,Coldblood,2,0.007246376811594203,0.3187066974595843,5.698355414801539e-05,0.0005300214031699635
Korvus,Korvus,4,0.014492753623188406,0.34328358208955223,5.483890564402161e-05,0.00213594840215056
Zombie_(comics),Zombie (comics),4,0.014492753623188406,0.35159235668789807,4.908425063267985e-05,0.0005300214031699635
Blackwulf,Blackwulf,2,0.007246376811594203,0.32662721893491126,4.7947829420270265e-05,0.0005300214031699635
Surge_(Marvel_Comics),Surge (Marvel Comics),5,0.018115942028985508,0.3607843137254902,4.7601083211015586e-05,0.000889470484848602
Dargo_Ktor,Dargo Ktor,2,0.007246376811594203,0.3250883392226148,4.435398734766079e-05,0.0005300214031699635
Will_o'_the_Wisp_(comics),Will o' the Wisp (comics),3,0.010869565217391304,0.38386648122392214,3.3438853876092887e-05,0.0007498520310787369
Firelord_(character),Firelord (character),2,0.007246376811594203,0.3378212974296206,3.337373660477858e-05,0.001513897410288532
Ulysses_Bloodstone,Ulysses Bloodstone,3,0.010869565217391304,0.3378212974296206,3.194147663457126e-05,0.000775363602047788
Synapse_(character),Synapse (character),2,0.007246376811594203,0.3157894736842105,3.110564783532648e-05,0.0011220666237726008
G._W._Bridge,G. W. Bridge,3,0.010869565217391304,0.314709236031927,2.9722105634684106e-05,0.0005847919474219108
Silencer_(comics),Silencer (comics),2,0.007246376811594203,0.33948339483394835,1.3759691528354367e-05,0.0005300214031699635
Captain_Marvel_(Khn'nr),Captain Marvel (Khn'nr),3,0.010869565217391304,0.323943661971831,1.1617475385591327e-05,0.0012999131861735512
Devil_Hulk,Devil Hulk,2,0.007246376811594203,0.35658914728682173,1.15244590366655e-05,0.0029096997003075966
Alex_Wilder,Alex Wilder,2,0.007246376811594203,0.32432432432432434,0.0,0.0006964819404760608
Black_Jack_Tarr,Black Jack Tarr,1,0.0036231884057971015,0.30734966592427615,0.0,0.0010190637572338218
Blue_Eagle_(character),Blue Eagle (character),1,0.0036231884057971015,0.31542857142857145,0.0,0.0005300214031699635
Captain_Ultra,Captain Ultra,1,0.0036231884057971015,0.3411619283065513,0.0,0.0005300214031699635
Caretaker_(comics),Caretaker (comics),3,0.010869565217391304,0.32547169811320753,0.0,0.0013646165270827363
Detroit_Steel,Detroit Steel,1,0.0036231884057971015,0.2839506172839506,0.0,0.0005300214031699635
Digitek_(character),Digitek (character),1,0.0036231884057971015,0.3039647577092511,0.0,0.0005300214031699635
Dogpool,Dogpool,1,0.0036231884057971015,0.33093525179856115,0.0,0.0005300214031699635
Dragon_Lord_(character),Dragon Lord (character),2,0.007246376811594203,0.33293124246079614,0.0,0.0011925244810635537
Emrys_Killebrew,Emrys Killebrew,2,0.007246376811594203,0.36268068331143233,0.0,0.0005300214031699635
Enigma_(Marvel_Comics),Enigma (Marvel Comics),1,0.0036231884057971015,0.37347767253044656,0.0,0.0005300214031699635
Ethan_Edwards,Ethan Edwards,1,0.0036231884057971015,0.37347767253044656,0.0,0.0005300214031699635
Force_(comics),Force (comics),1,0.0036231884057971015,0.2713864306784661,0.0,0.0007137078950683978
Helix_(Marvel_Comics),Helix (Marvel Comics),1,0.0036231884057971015,0.37347767253044656,0.0,0.0005300214031699635
Inferno_(Dante_Pertuz),Inferno (Dante Pertuz),3,0.010869565217391304,0.3108108108108108,0.0,0.0005300214031699635
Junior_Juniper,Junior Juniper,2,0.007246376811594203,0.350253807106599,0.0,0.0005300214031699635
Mahr_Vehl,Mahr Vehl,1,0.0036231884057971015,0.2589118198874296,0.0,0.0005300214031699635
Mark_Hazzard:_Merc,Mark Hazzard: Merc,1,0.0036231884057971015,0.2440318302387268,0.0,0.0005300214031699635
Moonglow_(comics),Moonglow (comics),1,0.0036231884057971015,0.3411619283065513,0.0,0.0005300214031699635
Oya_(comics),Oya (comics),3,0.010869565217391304,0.35705045278137126,0.0,0.0005300214031699635
NFL_SuperPro,Phil Grayfield,1,0.0036231884057971015,0.37347767253044656,0.0,0.0005300214031699635
Redneck_(comics),Redneck (comics),1,0.0036231884057971015,0.24753363228699551,0.0,0.0005300214031699635
Ruby_Summers,Ruby Summers,2,0.007246376811594203,0.31542857142857145,0.0,0.0005300214031699635
Scorpio_(Marvel_Comics),Scorpio (Marvel Comics),2,0.007246376811594203,0.39038189533239037,0.0,0.0005300214031699635
Silhouette_(comics),Silhouette (comics),2,0.007246376811594203,0.3812154696132597,0.0,0.0005300214031699635
Solomon_Kane_(comics),Solomon Kane (comics),1,0.0036231884057971015,0.31981460023174973,0.0,0.0005300214031699635
Spider-Man_(Marvel_Mangaverse),Spider-Man (Marvel Mangaverse),3,0.010869565217391304,0.38016528925619836,0.0,0.0005300214031699635
Starr_the_Slayer,Starr the Slayer,3,0.010869565217391304,0.2905263157894737,0.0,0.0012703756256656463
Straw_Man_(comics),Straw Man (comics),2,0.007246376811594203,0.34328358208955223,0.0,0.0005300214031699635
The_Union_(Marvel),The Union (Marvel),2,0.007246376811594203,0.266152362584378,0.0,0.0015324956838962305
The_Witness_(character),The Witness (character),1,0.0036231884057971015,0.24041811846689895,0.0,0.0007552804676590498
Thena,Thena,3,0.010869565217391304,0.2768304914744233,0.0,0.001088571224615398
Thunderbolt_(Marvel_Comics),Thunderbolt (Marvel Comics),2,0.007246376811594203,0.3250883392226148,0.0,0.0005300214031699635
Thunderclap_(comics),Thunderclap (comics),1,0.0036231884057971015,0.37347767253044656,0.0,0.0005300214031699635
Timeslip_(comics),Timeslip (comics),2,0.007246376811594203,0.33495145631067963,0.0,0.0006976106508428525
White_Tiger_(Heroes_for_Hire),White Tiger (Heroes for Hire),3,0.010869565217391304,0.3231850117096019,0.0,0.000796305904299731
