node_id,giant_after,giant_fraction_remaining,component_count_after,nodes_outside_giant,fragmentation_score,name,degree,betweenness,closeness,pagerank,null_betweenness_mean,null_betweenness_sd,betweenness_z,betweenness_rank,fragmentation_rank
Spider-Man,271,0.9818840579710145,6,5,0.018050541516245487,Spider-Man,106,0.2349468109924437,0.5948275862068966,0.05014098886965177,0.23109885350364404,0.009431535464033572,0.4079884450918453,1,1
Black_Widow_(Natasha_Romanova),273,0.9891304347826086,3,3,0.010830324909747292,Black Widow (Natasha Romanova),25,0.03512029844667589,0.46,0.010101026838963332,0.016119443157725996,0.004567705884795548,4.159824596456123,8,2
Doctor_Strange,274,0.9927536231884058,3,2,0.007220216606498195,Doctor Strange,57,0.08267034461965445,0.5168539325842697,0.02072355595361328,0.07262901010068373,0.007593899621978387,1.3222896033427833,4,3
Deadpool,275,0.9963768115942029,2,1,0.0036101083032490976,Deadpool,41,0.05599383626150203,0.4937388193202147,0.014809219214712009,0.04105368373121382,0.006295076433493648,2.37330756633827,5,4
Deathlok,275,0.9963768115942029,2,1,0.0036101083032490976,Deathlok,20,0.021330119722229788,0.43601895734597157,0.005749076879997723,0.01109569217840156,0.0038532853613249553,2.6560263733774216,16,5
Genis-Vell,275,0.9963768115942029,2,1,0.0036101083032490976,Genis-Vell,8,0.007777682979737589,0.34892541087231355,0.00349449634033207,0.00197770431542494,0.001759390722424895,3.296583635679731,53,6
Guardsman_(character),275,0.9963768115942029,2,1,0.0036101083032490976,Guardsman (character),8,0.008399531107300958,0.3719676549865229,0.0015125587320331587,0.0018201826954456829,0.001406439267041593,4.67801814556469,47,7
Moon_Knight,275,0.9963768115942029,2,1,0.0036101083032490976,Moon Knight,27,0.023422991518455945,0.46938775510204084,0.008406113885381762,0.01860108351048726,0.0044672714537663406,1.079385494674462,13,8
Nightmask,275,0.9963768115942029,2,1,0.0036101083032490976,Nightmask,5,0.007656023014765652,0.32242990654205606,0.0019995808486485632,0.0010070019187946823,0.0015281460646383684,4.351037672268876,54,9
Rockman_(character),275,0.9963768115942029,2,1,0.0036101083032490976,Rockman (character),2,0.007246376811594203,0.3161512027491409,0.0005300214031699635,0.0001438690425075506,0.000743844527942096,9.54837671352681,59,10
Shang-Chi,275,0.9963768115942029,2,1,0.0036101083032490976,Shang-Chi,18,0.012160648592646464,0.44301765650080255,0.006328825190586594,0.008962204421288004,0.0031250320880082897,1.0234916254562234,34,11
Turbo_(comics),275,0.9963768115942029,2,1,0.0036101083032490976,Turbo (comics),5,0.007513454854109664,0.32857142857142857,0.002735973526355806,0.0009215853810005846,0.001673413347746508,3.9391758658946885,55,12
War_Machine,275,0.9963768115942029,2,1,0.0036101083032490976,War Machine,16,0.013558834863767267,0.39598278335724535,0.004478158666768219,0.007347320697295077,0.0034136694780140366,1.8196003469222362,29,13
Abomination_(character),276,1.0,1,0,0.0,Abomination (character),9,0.0012310252687907117,0.4226646248085758,0.005274026936912558,0.0023174857005550716,0.0017476144160987858,-0.6216820036250758,148,14
Adam_Warlock,276,1.0,1,0,0.0,Adam Warlock,25,0.01854582759474331,0.467005076142132,0.004040626193420012,0.016355941260305713,0.004416502708820176,0.4958417279047936,21,15
Agent_X_(Marvel_Comics),276,1.0,1,0,0.0,Agent X (Marvel Comics),5,0.00020985731760318597,0.35475578406169667,0.0021076255505553137,0.0009727944827833257,0.0015273958293826888,-0.49950193034669205,200,16
Ajak,276,1.0,1,0,0.0,Ajak,4,0.002243876243716487,0.3281807372175981,0.0011420713093387989,0.000569591258924161,0.0011856012869089444,1.4121821587740173,115,17
Alex_Wilder,276,1.0,1,0,0.0,Alex Wilder,2,0.0,0.32432432432432434,0.0006964819404760608,0.00021861742692021923,0.0010436780090031725,-0.20946826993990508,242,18
Doctor_Spectrum,276,1.0,1,0,0.0,Alice Nugent,7,0.0007099054453251095,0.38333333333333336,0.0013628307491989665,0.0015154048271968153,0.0016584818470540747,-0.4856847744836622,161,19
Anole_(character),276,1.0,1,0,0.0,Anole (character),8,0.000293627059980062,0.3561290322580645,0.0016079357735196771,0.002208039257983166,0.0023233412504178406,-0.8239909645898151,193,20
Anya_Corazon,276,1.0,1,0,0.0,Anya Corazon,16,0.005810076769810651,0.4017467248908297,0.0042972308730814006,0.0076449327612759625,0.0032523798037482794,-0.5641579711418359,65,21
Arabian_Knight_(character),276,1.0,1,0,0.0,Arabian Knight (character),10,0.0030469047334393687,0.3898305084745763,0.001296643631662772,0.0030890765330651034,0.002267131433742467,-0.018601391607949075,98,22
Ares_(Marvel_Comics),276,1.0,1,0,0.0,Ares (Marvel Comics),9,0.0029673695157766467,0.36947791164658633,0.0028185396934353756,0.002564494593029008,0.0020310580450443607,0.19835716843771423,101,23
Balder_the_Brave,276,1.0,1,0,0.0,Balder the Brave,3,0.00018927388283352013,0.32432432432432434,0.002086333747734964,0.0002490116203568535,0.000735767584779307,-0.08119104287701348,202,24
Battlestar_(character),276,1.0,1,0,0.0,Battlestar (character),3,0.00010795569861868617,0.33053892215568864,0.0010491756950833098,0.00041691183331944546,0.0012255749139180871,-0.25209077894148935,217,25
Beta_Ray_Bill,276,1.0,1,0,0.0,Beta Ray Bill,7,0.0026567555842322353,0.416289592760181,0.0008493718746309265,0.0016319055978076188,0.0016624228354189575,0.616479733428552,106,26
Betsy_Braddock,276,1.0,1,0,0.0,Betsy Braddock,28,0.011845985097113357,0.4623115577889447,0.0044481460002437105,0.02096414512315187,0.004829582003887767,-1.8879811997598308,36,27
Bill_Foster_(character),276,1.0,1,0,0.0,Bill Foster (character),17,0.006163821532951749,0.4444444444444444,0.004954115731926111,0.007848629059597408,0.0031488979205108814,-0.5350467271966421,63,28
Black_Bolt,276,1.0,1,0,0.0,Black Bolt,18,0.016169937158098096,0.4423076923076923,0.006299837394908441,0.009824486350600787,0.004011201035915275,1.5819328801228747,24,29
Black_Cat_(Marvel_Comics),276,1.0,1,0,0.0,Black Cat (Marvel Comics),28,0.007148938280803568,0.45024469820554647,0.017605551735771423,0.02021873129867193,0.004857623626884782,-2.690573420619268,60,30
Black_Jack_Tarr,276,1.0,1,0,0.0,Black Jack Tarr,1,0.0,0.30734966592427615,0.0010190637572338218,0.0,0.0,0.0,243,31
Black_Knight_(Marvel_Comics),276,1.0,1,0,0.0,Black Knight (Marvel Comics),7,0.0025373812044095093,0.375,0.003480608231754747,0.0015794496458288996,0.0015151752905122147,0.6322249079555506,108,32
Black_Marvel,276,1.0,1,0,0.0,Black Marvel,6,0.0012677244619914987,0.3865546218487395,0.001904779672736992,0.0009756045985707801,0.001036523892048891,0.28182646407048745,144,33
Black_Panther_(character),276,1.0,1,0,0.0,Black Panther (character),31,0.020627146238301714,0.4495114006514658,0.010490186542700512,0.024586079521881844,0.0048877835382904146,-0.8099649365742644,19,34
Black_Rider_(character),276,1.0,1,0,0.0,Black Rider (character),4,0.0006009171862949991,0.3493670886075949,0.0008457632538550275,0.0006413438673216561,0.0013642069731768334,-0.02963383256465489,165,35
Blackwulf,276,1.0,1,0,0.0,Blackwulf,2,4.7947829420270265e-05,0.32662721893491126,0.0005300214031699635,0.00013556287906703898,0.0007271370326731172,-0.12049317488985031,231,36
Blade_(character),276,1.0,1,0,0.0,Blade (character),22,0.008387440004701305,0.44516129032258067,0.008540617611382166,0.013185582357802851,0.00383965128619532,-1.2496297177694977,48,37
Blazing_Skull,276,1.0,1,0,0.0,Blazing Skull,8,0.004506232138324672,0.375,0.001443921577637104,0.0023387031099022775,0.002358009884684753,0.9192196531916471,76,38
Blue_Bullet,276,1.0,1,0,0.0,Blue Bullet,3,0.0001106207375659936,0.31186440677966104,0.0013532681092863772,0.000197240646022142,0.00024871914723043753,-0.34826393311768367,215,39
Blue_Diamond_(character),276,1.0,1,0,0.0,Blue Diamond (character),9,0.0031443899280369633,0.336996336996337,0.0006012767238342255,0.0026670517686226986,0.002200068636844734,0.21696512164222628,97,40
Blue_Eagle_(character),276,1.0,1,0,0.0,Blue Eagle (character),1,0.0,0.31542857142857145,0.0005300214031699635,0.0,0.0,0.0,244,41
Blue_Marvel,276,1.0,1,0,0.0,Blue Marvel,5,0.00031830974612678125,0.3709677419354839,0.001350840497661601,0.0009635300741136746,0.0015611664579180836,-0.41329374245417516,187,42
"Bob,_Agent_of_Hydra",276,1.0,1,0,0.0,"Bob, Agent of Hydra",7,0.0015803709106315131,0.42724458204334365,0.0017896717876682428,0.0014571910582381938,0.001485825751227,0.08290329622541334,133,43
Box_(comics),276,1.0,1,0,0.0,Box (comics),3,5.910031996988519e-05,0.27906976744186046,0.0006403155249016595,0.00026599899980608014,0.0007831648631385146,-0.2641827916117858,225,44
Brian_Braddock,276,1.0,1,0,0.0,Brian Braddock,11,0.006766386333664816,0.42073170731707316,0.0006650657704849535,0.004084022862413878,0.0028850426916957935,0.9297482768528037,61,45
Bucky_(Marvel_Comics),276,1.0,1,0,0.0,Bucky (Marvel Comics),12,0.004704911391915597,0.3589076723016905,0.003917322657463471,0.004242624729704477,0.0022757681353471515,0.20313434177713446,71,46
Bug_(Marvel_Comics),276,1.0,1,0,0.0,Bug (Marvel Comics),4,0.00015500143870737342,0.33093525179856115,0.0009981979459619565,0.0005301332946938932,0.0010779143043504248,-0.3480164002578875,208,47
Cable_(character),276,1.0,1,0,0.0,Cable (character),24,0.021911164658837492,0.43260188087774293,0.011572247313429651,0.01538602901088346,0.004065157741133602,1.6051371345148455,14,48
Cammi_(character),276,1.0,1,0,0.0,Cammi (character),4,0.0001531157699078138,0.3187066974595843,0.00171480693208809,0.0005718641030659678,0.0011173043649766365,-0.37478447796712067,209,49
Captain_Marvel_(Khn'nr),276,1.0,1,0,0.0,Captain Marvel (Khn'nr),3,1.1617475385591327e-05,0.323943661971831,0.0012999131861735512,0.00035515738605864077,0.0010507330456526326,-0.3269526090327439,240,50
Captain_Marvel_(Marvel_Comics),276,1.0,1,0,0.0,Captain Marvel (Marvel Comics),17,0.00732259932502273,0.4052863436123348,0.00850167305391955,0.008329654404847134,0.0032388958107885247,-0.31092543220130053,57,51
Captain_Ultra,276,1.0,1,0,0.0,Captain Ultra,1,0.0,0.3411619283065513,0.0005300214031699635,0.0,0.0,0.0,245,52
Captain_Universe,276,1.0,1,0,0.0,Captain Universe,17,0.015329332039641198,0.4437299035369775,0.0035461550854540905,0.008552479017586084,0.0034391679962367584,1.9704919996553096,26,53
Caretaker_(comics),276,1.0,1,0,0.0,Caretaker (comics),3,0.0,0.32547169811320753,0.0013646165270827363,0.0003871817214809638,0.0011798958740288036,-0.3281490595936366,246,54
Ch'od,276,1.0,1,0,0.0,Ch'od,6,0.000305846453801733,0.3471698113207547,0.002212432316056425,0.0011942231020855153,0.00149834842065837,-0.5929039174302544,189,55
Chase_Stein,276,1.0,1,0,0.0,Chase Stein,6,0.0020081333952712602,0.36947791164658633,0.0021376533499813965,0.0010488836127856593,0.0009372367009943064,1.0234872166955702,119,56
Citizen_V,276,1.0,1,0,0.0,Citizen V,3,0.0005066107949604889,0.323943661971831,0.0013945549363021822,0.00026484864738913496,0.0007542540597904848,0.32053145015687445,169,57
Cloak_and_Dagger_(characters),276,1.0,1,0,0.0,Cloak and Dagger (characters),28,0.0213922247645382,0.467005076142132,0.004699893062432817,0.020426588383964616,0.004549990081068553,0.21222823860460113,15,58
Coldblood,276,1.0,1,0,0.0,Coldblood,2,5.698355414801539e-05,0.3187066974595843,0.0005300214031699635,6.65730446777155e-05,0.00011641036882714635,-0.08237660121100725,228,59
Crane_Mother,276,1.0,1,0,0.0,Crane Mother,3,0.0005016132288081175,0.35984354628422427,0.0009906671099682782,0.00028702896874560255,0.0007550447337946658,0.284200724086993,170,60
Crippler_(character),276,1.0,1,0,0.0,Crippler (character),4,0.0001838065776141926,0.345,0.0005300214031699635,0.0006289346915068679,0.0013493909026505914,-0.32987336213569823,204,61
Cyclops_(Marvel_Comics),276,1.0,1,0,0.0,Cyclops (Marvel Comics),26,0.011747653026827624,0.4107142857142857,0.012280947802650691,0.01816903484346375,0.004708700640162829,-1.3637269190283614,37,62
Dargo_Ktor,276,1.0,1,0,0.0,Dargo Ktor,2,4.435398734766079e-05,0.3250883392226148,0.0005300214031699635,0.00012078982753927209,0.0005806087187260906,-0.13164776505478357,233,63
Darkdevil,276,1.0,1,0,0.0,Darkdevil,4,8.72216458745718e-05,0.36268068331143233,0.0013975783312851339,0.0005620394523140359,0.0011131400234404534,-0.42655712348920327,221,64
Darkhawk,276,1.0,1,0,0.0,Darkhawk,15,0.015739854546835567,0.431924882629108,0.00470028318628846,0.0063268033954387804,0.002719735678134637,3.461016902147211,25,65
Debrii,276,1.0,1,0,0.0,Debrii,5,0.00038261849974567094,0.3445692883895131,0.0006620453393095178,0.0007649547521501312,0.0010395162159860785,-0.3678021049837866,180,66
Delroy_Garrett,276,1.0,1,0,0.0,Delroy Garrett,7,0.001967414011376531,0.34980988593155893,0.0024952444945681206,0.0018127846139930192,0.0021678545626934217,0.07132830774007026,120,67
Detroit_Steel,276,1.0,1,0,0.0,Detroit Steel,1,0.0,0.2839506172839506,0.0005300214031699635,0.0,0.0,0.0,247,68
Devil_Dinosaur,276,1.0,1,0,0.0,Devil Dinosaur,12,0.0019359659845460185,0.43879173290937995,0.0017305951772139147,0.004223720590310969,0.002570494129264317,-0.8900057695987472,121,69
Devil_Hulk,276,1.0,1,0,0.0,Devil Hulk,2,1.15244590366655e-05,0.35658914728682173,0.0029096997003075966,0.00016980329872777445,0.0008818758991580937,-0.17947972026700587,241,70
Digitek_(character),276,1.0,1,0,0.0,Digitek (character),1,0.0,0.3039647577092511,0.0005300214031699635,0.0,0.0,0.0,248,71
Doctor_Druid,276,1.0,1,0,0.0,Doctor Druid,9,0.0037088060840058936,0.39316239316239315,0.0015522964746402042,0.0026532595636260094,0.002208606129190558,0.4779242919002204,90,72
Doctor_Nemesis,276,1.0,1,0,0.0,Doctor Nemesis,15,0.010356135759167502,0.4339622641509434,0.003941123938096839,0.006478601567255973,0.0029666371488144185,1.3070470021792655,39,73
Dogpool,276,1.0,1,0,0.0,Dogpool,1,0.0,0.33093525179856115,0.0005300214031699635,0.0,0.0,0.0,249,74
Doom_2099,276,1.0,1,0,0.0,Doom 2099,9,0.0022213584920997916,0.4046920821114369,0.0011641809766849399,0.0023920045160198636,0.0019180253836864052,-0.08896963792632084,116,75
Dragon_Lord_(character),276,1.0,1,0,0.0,Dragon Lord (character),2,0.0,0.33293124246079614,0.0011925244810635537,6.37483165895813e-05,0.00012336381201000704,-0.5167505409480226,250,76
Dusk_(comics),276,1.0,1,0,0.0,Dusk (comics),6,0.000498735479780636,0.3817427385892116,0.0011650335545768222,0.0014185110326221714,0.002269882576360002,-0.40520842902653287,171,77
Eddie_Brock,276,1.0,1,0,0.0,Eddie Brock,22,0.009292254154006495,0.43670886075949367,0.0031459469837735793,0.013162839111439784,0.0045674330321127405,-0.8474311347796349,42,78
Elsa_Bloodstone,276,1.0,1,0,0.0,Elsa Bloodstone,15,0.00404782077141716,0.40828402366863903,0.002039504590629859,0.006203939396113106,0.0027001938364121032,-0.798505127898855,84,79
Emma_Frost,276,1.0,1,0,0.0,Emma Frost,27,0.017229596614624424,0.44660194174757284,0.00817812998496088,0.019356985341384962,0.0049943647439243235,-0.425957821632575,22,80
Empath_(character),276,1.0,1,0,0.0,Empath (character),5,0.0003788604912910164,0.33093525179856115,0.0016840193737109898,0.0008100450198675786,0.0012353675779238735,-0.3490333859183837,181,81
Emrys_Killebrew,276,1.0,1,0,0.0,Emrys Killebrew,2,0.0,0.36268068331143233,0.0005300214031699635,9.742975715685225e-05,0.0005149739872701446,-0.1891935506749055,251,82
Enigma_(Marvel_Comics),276,1.0,1,0,0.0,Enigma (Marvel Comics),1,0.0,0.37347767253044656,0.0005300214031699635,0.0,0.0,0.0,252,83
Ethan_Edwards,276,1.0,1,0,0.0,Ethan Edwards,1,0.0,0.37347767253044656,0.0005300214031699635,0.0,0.0,0.0,253,84
Fabio_Medina,276,1.0,1,0,0.0,Fabio Medina,3,5.814168344167752e-05,0.3898305084745763,0.0005300214031699635,0.0002926381840440184,0.0009159370964044447,-0.2560181277981514,227,85
Fandral,276,1.0,1,0,0.0,Fandral,2,0.000484853011092319,0.3462986198243413,0.0014166103624533963,0.00019601379283920722,0.0009034279566162887,0.31971472228392633,173,86
Fin_Fang_Foom,276,1.0,1,0,0.0,Fin Fang Foom,7,0.0005891989408510868,0.368,0.0015660299410395267,0.0014990299045537286,0.001540461420466495,-0.5906223626341252,166,87
Firebird_(Marvel_Comics),276,1.0,1,0,0.0,Firebird (Marvel Comics),13,0.00399676653739389,0.416289592760181,0.0015443736614817543,0.005251030772249714,0.0026357640072063476,-0.4758636324900807,85,88
Firelord_(character),276,1.0,1,0,0.0,Firelord (character),2,3.337373660477858e-05,0.3378212974296206,0.001513897410288532,0.0001976551100527147,0.0010124507983033779,-0.16226109330273814,235,89
Flatman_(character),276,1.0,1,0,0.0,Flatman (character),3,8.834206344087766e-05,0.3374083129584352,0.0010313421040263932,0.00039570864687891387,0.0013532399215282626,-0.2271338426750787,220,90
Force_(comics),276,1.0,1,0,0.0,Force (comics),1,0.0,0.2713864306784661,0.0007137078950683978,0.0,0.0,0.0,254,91
Frankenstein's_Monster_(Marvel_Comics),276,1.0,1,0,0.0,Frankenstein's Monster (Marvel Comics),11,0.0035354617412791506,0.40828402366863903,0.001305437165444943,0.0037327742446660894,0.002324958538197953,-0.08486710629251619,92,92
Franklin_Richards_(character),276,1.0,1,0,0.0,Franklin Richards (character),14,0.0073055022617779354,0.38928067700987307,0.006165832457144305,0.005830936135504984,0.003173171986104855,0.46469782688426436,58,93
Frog-Man,276,1.0,1,0,0.0,Frog-Man,6,0.0012520732704196338,0.38928067700987307,0.0016009921088297528,0.0013224550611912092,0.001698059805524646,-0.04144835802754879,147,94
G._W._Bridge,276,1.0,1,0,0.0,G. W. Bridge,3,2.9722105634684106e-05,0.314709236031927,0.0005847919474219108,0.0003058636603370335,0.0009082904875696866,-0.3040233917248451,238,95
Gargoyle_(comics),276,1.0,1,0,0.0,Gargoyle (comics),8,0.0014947637397598793,0.375,0.0047596929106278945,0.002059597704332114,0.0018215386556557996,-0.31008618061354315,137,96
Garrison_Kane,276,1.0,1,0,0.0,Garrison Kane,7,0.0053791877071823375,0.3791208791208791,0.0007785540018989366,0.0015543121873878723,0.0015944188339418036,2.3989151648054814,68,97
Gauntlet_(Joseph_Green),276,1.0,1,0,0.0,Gauntlet (Joseph Green),6,0.0007509924895580034,0.38068965517241377,0.0008293683443188148,0.0012972766453438198,0.0017162965964759855,-0.3182923959107554,160,98
Ghost_Rider,276,1.0,1,0,0.0,Ghost Rider,22,0.012907214516713813,0.4524590163934426,0.006562853437919369,0.013347467869898141,0.003988350016222832,-0.1103848336764763,31,99
Ghost_Rider_(Danny_Ketch),276,1.0,1,0,0.0,Ghost Rider (Danny Ketch),10,0.0022856761590607944,0.42201834862385323,0.002773316701459914,0.0030851285765647407,0.0022186859512428317,-0.36032698411242947,113,100
Ghost_Rider_(Johnny_Blaze),276,1.0,1,0,0.0,Ghost Rider (Johnny Blaze),15,0.004458833582067069,0.43260188087774293,0.004355880505890899,0.0065116551857071206,0.0034316943414922844,-0.5981947689278687,77,101
Gladiator_(Kallark),276,1.0,1,0,0.0,Gladiator (Kallark),10,0.0014745236961267213,0.4125560538116592,0.0030174613886060236,0.003219205797539553,0.002481846323337733,-0.7029774909940758,138,102
Golem_(Marvel_Comics),276,1.0,1,0,0.0,Golem (Marvel Comics),3,0.0009145990186622803,0.35069885641677256,0.0011055533839706183,0.00044376420137565197,0.0012718013156595986,0.3702109846005605,154,103
Gorgon_(Inhuman),276,1.0,1,0,0.0,Gorgon (Inhuman),5,0.00029990497390892517,0.33133253301320525,0.002015084185433231,0.0008230325450392409,0.001313465194516162,-0.39828049750722094,191,104
Gremlin_(comics),276,1.0,1,0,0.0,Gremlin (comics),4,0.0001363716479926445,0.3660477453580902,0.0005300214031699635,0.0007269812332089166,0.0016149298957197353,-0.36571840473177425,211,105
Guardian_(Marvel_Comics),276,1.0,1,0,0.0,Guardian (Marvel Comics),7,0.0017895464314852468,0.35069885641677256,0.003315476533431955,0.0018979789664422327,0.002194963179286684,-0.049400616821382935,125,106
Gwenpool,276,1.0,1,0,0.0,Gwenpool,15,0.003896882530202447,0.4437299035369775,0.00454155684085134,0.006563456145235001,0.0028008882833478336,-0.9520456888217131,87,107
Hank_Pym,276,1.0,1,0,0.0,Hank Pym,27,0.02098349723286165,0.4346456692913386,0.008529676053961403,0.018870278408708707,0.004845790809291482,0.43609369601778664,17,108
Hawkeye_(comics),276,1.0,1,0,0.0,Hawkeye (comics),3,0.00017644241646052724,0.3317307692307692,0.0005300214031699635,0.00021167059109469783,0.0003230671953167719,-0.10904287140521611,205,109
Helix_(Marvel_Comics),276,1.0,1,0,0.0,Helix (Marvel Comics),1,0.0,0.37347767253044656,0.0005300214031699635,0.0,0.0,0.0,255,110
Hellion_(character),276,1.0,1,0,0.0,Hellion (character),12,0.009333163221761833,0.4188163884673748,0.0015130861574368204,0.004532767283528369,0.0030380146664086096,1.5801095338055935,41,111
Hercules_(Marvel_Comics),276,1.0,1,0,0.0,Hercules (Marvel Comics),26,0.03737937581542801,0.467005076142132,0.012241783266214676,0.0176020971985293,0.004643607003923587,4.2590336779550935,7,112
Hit-Monkey,276,1.0,1,0,0.0,Hit-Monkey,4,0.00012332423195397885,0.39372325249643364,0.0009436780598316477,0.0006669782887717545,0.0015610358186963005,-0.3482649470989131,214,113
Hornet_(comics),276,1.0,1,0,0.0,Hornet (comics),6,0.00046031670724490067,0.359375,0.0015567762177200795,0.00119750801310851,0.0016056311006454596,-0.4591286912462398,178,114
Hrimhari,276,1.0,1,0,0.0,Hrimhari,2,0.00012787456647161692,0.3094170403587444,0.0011421420302974376,0.00011267084880974278,0.0005288272343501536,0.02874987647063439,213,115
Hulk,276,1.0,1,0,0.0,Hulk,65,0.10504922646350522,0.5257142857142857,0.027998476210234952,0.09269948566418758,0.00880978601790696,1.4018207450459397,2,116
Hulk_2099,276,1.0,1,0,0.0,Hulk 2099,4,0.0012974560677708772,0.36750998668442075,0.0008137232085503703,0.0005724738049099378,0.0012671473462829066,0.5721373011494103,143,117
Hulkling,276,1.0,1,0,0.0,Hulkling,11,0.003255372824995988,0.40707964601769914,0.0015092549261337758,0.003662099706135831,0.0025942415851140624,-0.15678064967953254,96,118
Human_Fly_(character),276,1.0,1,0,0.0,Human Fly (character),5,0.0003753533843150887,0.38227146814404434,0.0005300214031699635,0.0007673800759631376,0.0012395479639749798,-0.31626585097271953,182,119
Human_Torch,276,1.0,1,0,0.0,Human Torch,18,0.012080761171325893,0.43601895734597157,0.008906450429739556,0.008649515485078217,0.003439734811470677,0.9975320407856176,35,120
Human_Torch_(android),276,1.0,1,0,0.0,Human Torch (android),17,0.012352108351859573,0.38764044943820225,0.008547116572602457,0.008591986689829068,0.0034719673731263656,1.0829945267154593,32,121
Hybrid_(Scott_Washington),276,1.0,1,0,0.0,Hybrid (Scott Washington),5,0.0008245746767959797,0.3898305084745763,0.0008808103186103885,0.0007265750833223223,0.0010885579701038666,0.09002698631135525,156,122
Hyperion_(character),276,1.0,1,0,0.0,Hyperion (character),10,0.004427166886988874,0.3812154696132597,0.003972023724659192,0.0030765580646007953,0.002156903848475117,0.6261794299931027,79,123
Ikaris,276,1.0,1,0,0.0,Ikaris,5,0.005315441206878625,0.35159235668789807,0.001114923295273683,0.0009521481513190089,0.0014550097538878525,2.9988067391993067,69,124
Inferno_(Dante_Pertuz),276,1.0,1,0,0.0,Inferno (Dante Pertuz),3,0.0,0.3108108108108108,0.0005300214031699635,0.00038648245022539836,0.0011349785759239865,-0.34051959959751915,256,125
Iron_Fist_(character),276,1.0,1,0,0.0,Iron Fist (character),26,0.020884731490128542,0.44660194174757284,0.008671767982489963,0.017522136522967965,0.004298816589454865,0.7822141040883509,18,126
Iron_Lad,276,1.0,1,0,0.0,Iron Lad,6,0.00037189362230997936,0.372972972972973,0.0009566772988292829,0.0011230330781819846,0.001258879813577588,-0.5966728894773168,183,127
Iron_Man_(Ultimate_Marvel_character),276,1.0,1,0,0.0,Iron Man (Ultimate Marvel character),5,0.0008076961121711706,0.4076809453471196,0.0010305764070510624,0.0008161792790220363,0.0011629383649193028,-0.007294597122913169,157,128
Iron_Man_2020,276,1.0,1,0,0.0,Iron Man 2020,6,0.0007570557766431165,0.39598278335724535,0.0019430779469221393,0.0012845961816822088,0.0016476813157856455,-0.32017138264844075,159,129
Isaiah_Bradley,276,1.0,1,0,0.0,Isaiah Bradley,7,0.0010184573261604523,0.3971223021582734,0.0005300214031699635,0.001514449391062333,0.0019525441214040715,-0.2540234863144673,152,130
Jack_Frost_(Marvel_Comics),276,1.0,1,0,0.0,Jack Frost (Marvel Comics),7,0.001457771867295519,0.3437110834371108,0.0005868086375784788,0.0016617774573696425,0.001772189503522921,-0.11511499739084469,139,131
Jack_Monroe_(character),276,1.0,1,0,0.0,Jack Monroe (character),4,0.00046939056401231805,0.32857142857142857,0.0017612098212628764,0.00045558036548467386,0.0008233811767949637,0.016772545835211847,177,132
Janice_Lincoln,276,1.0,1,0,0.0,Janice Lincoln,5,0.00016128298052327412,0.3954154727793696,0.0007880267639088553,0.0008131143604314553,0.0012250675553720368,-0.5320779062753226,207,133
Jean_Grey,276,1.0,1,0,0.0,Jean Grey,24,0.010814104873744596,0.42923794712286156,0.012990947045335429,0.015440567143258517,0.004565521899403913,-1.0133479526443547,38,134
Jean_Grey_(X-Men_film_series),276,1.0,1,0,0.0,Jean Grey (X-Men film series),5,0.0002156564360508849,0.34074074074074073,0.0014502465718009218,0.0008216108304065014,0.0012649259635576454,-0.47904336839711165,198,135
Jeffrey_Mace,276,1.0,1,0,0.0,Jeffrey Mace,8,0.001507491701118767,0.32779097387173395,0.002732164560108058,0.0020514357720704712,0.0018960907885050696,-0.28687659591477943,136,136
Jericho_Drumm,276,1.0,1,0,0.0,Jericho Drumm,15,0.003033405556145122,0.41317365269461076,0.007826301967388422,0.006638587869793615,0.0030992937531939694,-1.1632270448495505,99,137
Jessica_Jones,276,1.0,1,0,0.0,Jessica Jones,18,0.004279117151630502,0.4458804523424879,0.0042500846762471975,0.009476995150923578,0.003540584011082717,-1.4680849213075315,80,138
John_Jameson_(character),276,1.0,1,0,0.0,John Jameson (character),14,0.002379372933931516,0.4265842349304482,0.0032399162911442713,0.00551536531796848,0.0030742833055296148,-1.020072671375587,111,139
Jubilee_(character),276,1.0,1,0,0.0,Jubilee (character),15,0.002440850863670513,0.4029197080291971,0.004938926598403551,0.006563541521110414,0.002937102626450298,-1.4036590415032493,110,140
Junior_Juniper,276,1.0,1,0,0.0,Junior Juniper,2,0.0,0.350253807106599,0.0005300214031699635,0.00013105016312515007,0.0007214803884400879,-0.1816406450194627,257,141
Justice_(New_Universe),276,1.0,1,0,0.0,Justice (New Universe),6,0.0017711553812952692,0.32662721893491126,0.00102202788323028,0.0011966324990705822,0.0015535218686244503,0.36981962972519483,126,142
Karnak_(character),276,1.0,1,0,0.0,Karnak (character),10,0.003933526129972923,0.39598278335724535,0.0015371762733808192,0.002804571305098559,0.0018862240176655554,0.598526375606006,86,143
Kid_Colt,276,1.0,1,0,0.0,Kid Colt,4,0.0002962914640904575,0.3250883392226148,0.0011333522001735746,0.0005951752986458614,0.001249647190657229,-0.2391745740637495,192,144
Killpower,276,1.0,1,0,0.0,Killpower,3,5.8625539760485414e-05,0.3520408163265306,0.0007629481923664121,0.0004262363056010427,0.0011653117306485012,-0.3154613106279985,226,145
Killraven,276,1.0,1,0,0.0,Killraven,7,0.0006281323925327032,0.3954154727793696,0.001970438148646502,0.0017907932498211169,0.002077709040000167,-0.5595879090405845,164,146
Kismet_(Marvel_Comics),276,1.0,1,0,0.0,Kismet (Marvel Comics),9,0.0015603887707204141,0.38928067700987307,0.0013507588372058765,0.002596332994838798,0.0020498966870385604,-0.5053641145276395,134,147
Korvus,276,1.0,1,0,0.0,Korvus,4,5.483890564402161e-05,0.34328358208955223,0.00213594840215056,0.0005351257176947024,0.0009184461517167968,-0.5229341003312052,229,148
Kristoff_Vernard,276,1.0,1,0,0.0,Kristoff Vernard,8,0.0010943023340739294,0.4005805515239477,0.002200397333106172,0.0018251675632396497,0.001332481163715936,-0.5484994828201033,150,149
Leech_(character),276,1.0,1,0,0.0,Leech (character),6,0.0011829931941604286,0.3399014778325123,0.0012133361135600084,0.0012317327023022872,0.0015271588228731512,-0.031915153428614264,149,150
Lei_Kung_(character),276,1.0,1,0,0.0,Lei Kung (character),4,0.000307713562385289,0.345,0.0019514756450335477,0.0004888303229777505,0.0010729051163408004,-0.16880967182836246,188,151
Living_Lightning,276,1.0,1,0,0.0,Living Lightning,6,0.0012620821356461819,0.3791208791208791,0.0029486198584598913,0.0011917651906134634,0.0016015597282029218,0.043905290445595636,145,152
Luke_Cage,276,1.0,1,0,0.0,Luke Cage,28,0.01664761661317231,0.45320197044334976,0.010861300213581199,0.020625332829943117,0.005349473602710049,-0.7435715197763932,23,153
Machine_Man,276,1.0,1,0,0.0,Machine Man,14,0.004624848295052044,0.43670886075949367,0.002520104134434009,0.005840562059708784,0.0028489691787546203,-0.42672057448798667,74,154
Magician_(Marvel_Comics),276,1.0,1,0,0.0,Magician (Marvel Comics),3,0.00011005997295139691,0.3317307692307692,0.0014365190404608662,0.0003455132188001883,0.0010316021282899743,-0.22824036456680083,216,155
Mahr_Vehl,276,1.0,1,0,0.0,Mahr Vehl,1,0.0,0.2589118198874296,0.0005300214031699635,0.0,0.0,0.0,258,156
Makkari_(character),276,1.0,1,0,0.0,Makkari (character),6,0.0034041723753930257,0.32018561484918795,0.002633413921656424,0.0012397863661020672,0.0015566197249162485,1.3904397937700614,93,157
Man-Thing,276,1.0,1,0,0.0,Man-Thing,20,0.008206729903904803,0.43879173290937995,0.005839739364171919,0.011139025675405288,0.004316115344656926,-0.6793830881119706,51,158
Mania_(character),276,1.0,1,0,0.0,Mania (character),7,0.00020331458249082149,0.4150375939849624,0.0010828626375062758,0.001688481259157324,0.001748545188857031,-0.8493727735096794,201,159
Mark_Hazzard:_Merc,276,1.0,1,0,0.0,Mark Hazzard: Merc,1,0.0,0.2440318302387268,0.0005300214031699635,0.0,0.0,0.0,259,160
Marvel_Boy_(Robert_Grayson),276,1.0,1,0,0.0,Marvel Boy (Robert Grayson),3,0.00041504774416309067,0.31363636363636366,0.004824733791217967,0.00037175062553338194,0.0010861612881452693,0.039862513148155886,179,161
Mayday_Parker,276,1.0,1,0,0.0,Mayday Parker,18,0.004660898329696284,0.4175491679273828,0.014294013379939324,0.009368006713886082,0.0035818236503538242,-1.3141653089829852,72,162
Misty_Knight,276,1.0,1,0,0.0,Misty Knight,21,0.0060210997255721955,0.43740095087163233,0.007276252709264715,0.011433364502548156,0.0033767177402637184,-1.602818237497478,64,163
Mockingbird_(Marvel_Comics),276,1.0,1,0,0.0,Mockingbird (Marvel Comics),21,0.012248869888957764,0.4416,0.00483879642736678,0.011671226086977276,0.0034768026860410644,0.16614224451092868,33,164
Moondragon,276,1.0,1,0,0.0,Moondragon,15,0.004570352930664159,0.3909348441926346,0.004230422744956561,0.006549013152439157,0.0030476820889824784,-0.649234455564756,75,165
Moonglow_(comics),276,1.0,1,0,0.0,Moonglow (comics),1,0.0,0.3411619283065513,0.0005300214031699635,0.0,0.0,0.0,260,166
Morbius,276,1.0,1,0,0.0,Morbius,19,0.004145977038869023,0.4495114006514658,0.004567207674791622,0.00979674553313399,0.0033757532796664007,-1.6739281653970244,82,167
Motormouth_(comics),276,1.0,1,0,0.0,Motormouth (comics),4,0.002342383370243776,0.37398373983739835,0.0008542756822430441,0.0006975253133910303,0.0014400577726376036,1.1422167138753268,112,168
Ms._Marvel,276,1.0,1,0,0.0,Ms. Marvel,11,0.0022787569258156,0.3948497854077253,0.0050909351135206785,0.0039007864527072756,0.0026891941017734688,-0.603165656886567,114,169
Nightwatch_(character),276,1.0,1,0,0.0,Nightwatch (character),4,0.00022381812518694147,0.3898305084745763,0.0006964819404760608,0.0006727880870523507,0.0014604711028779213,-0.3074144780959339,196,170
Noh-Varr,276,1.0,1,0,0.0,Noh-Varr,18,0.008870432324370608,0.45024469820554647,0.002353332245982068,0.008909189307353675,0.003608858287117015,-0.010739402852537308,44,171
Nomad_(Marvel_Comics),276,1.0,1,0,0.0,Nomad (Marvel Comics),6,0.0018745807623078584,0.3454317897371715,0.002287347184130949,0.0011960138647192863,0.0014009022332578164,0.48437848229462516,122,172
Northstar_(character),276,1.0,1,0,0.0,Northstar (character),17,0.00463895378575525,0.4175491679273828,0.001769974480910937,0.008498577447619962,0.0035783052502240363,-1.0786177790793734,73,173
Nova_(Richard_Rider),276,1.0,1,0,0.0,Nova (Richard Rider),21,0.019137154637872075,0.43328100470957615,0.009763796040828877,0.011706276823538258,0.0037106832065086086,2.0025632480023936,20,174
Outlaw_(Marvel_Comics),276,1.0,1,0,0.0,Outlaw (Marvel Comics),9,0.0026056385771970865,0.3699731903485255,0.0028116449106871935,0.002551766446091811,0.0019908163249205565,0.027060322155749463,107,175
Oya_(comics),276,1.0,1,0,0.0,Oya (comics),3,0.0,0.35705045278137126,0.0005300214031699635,0.00019619946012913538,0.0005406059698632562,-0.36292507124692525,261,176
Paladin_(comics),276,1.0,1,0,0.0,Paladin (comics),13,0.0016288952930645269,0.41566265060240964,0.0028626834924958835,0.005279664836586337,0.0031615599772194134,-1.1547367659723022,132,177
Patsy_Walker,276,1.0,1,0,0.0,Patsy Walker,13,0.0020396541164524854,0.4052863436123348,0.0036668544458933047,0.004977947808547405,0.00256095254011817,-1.1473440628303633,118,178
Peggy_Carter,276,1.0,1,0,0.0,Peggy Carter,3,0.00017282099102756596,0.3087248322147651,0.0015787485812803,0.000299991632720272,0.0010084212359558308,-0.12610865098667573,206,179
NFL_SuperPro,276,1.0,1,0,0.0,Phil Grayfield,1,0.0,0.37347767253044656,0.0005300214031699635,0.0,0.0,0.0,262,180
Phil_Urich,276,1.0,1,0,0.0,Phil Urich,5,0.0005476293991195087,0.3190751445086705,0.004916295369974712,0.0008419153035192014,0.0011517678748278705,-0.2555079984703282,167,181
Phoenix_Force,276,1.0,1,0,0.0,Phoenix (Guardians of the Galaxy),32,0.02570981488784128,0.4709897610921502,0.013601939701146624,0.025785515327494103,0.005097540211957041,-0.014850385971503646,9,182
Phyla-Vell,276,1.0,1,0,0.0,Phyla-Vell,9,0.0013162513253708683,0.36363636363636365,0.0068733845541894085,0.0025385415137910766,0.0018607208239859786,-0.6568906913192147,142,183
Power_Man_(Victor_Alvarez),276,1.0,1,0,0.0,Power Man (Victor Alvarez),4,0.0002274858070999224,0.3699731903485255,0.0012949574983613294,0.0005109792015115475,0.000968041051069671,-0.29285265753799294,195,184
Powerhouse_(Marvel_Comics),276,1.0,1,0,0.0,Powerhouse (Marvel Comics),4,9.11612000672592e-05,0.4017467248908297,0.0012846229322007816,0.0005330008521551782,0.0010706850938008734,-0.412670032156152,219,185
Puck_(Marvel_Comics),276,1.0,1,0,0.0,Puck (Marvel Comics),9,0.002086747241973852,0.4194528875379939,0.002648063975534589,0.0025157177177346545,0.002076946292474139,-0.20653903151717817,117,186
Quasar_(character),276,1.0,1,0,0.0,Quasar (character),24,0.024216121280981107,0.40828402366863903,0.012659731704607087,0.015796128991298796,0.004944276295509467,1.7029777031938098,12,187
Quicksilver_(Marvel_Comics),276,1.0,1,0,0.0,Quicksilver (Marvel Comics),15,0.008263748884163263,0.3954154727793696,0.005588674974260044,0.00647884696312346,0.002859132957843483,0.6242808387568219,50,188
Rachel_Summers,276,1.0,1,0,0.0,Rachel Summers,24,0.014339778980282795,0.4416,0.008984013083981978,0.01515238846444225,0.004387352366267109,-0.18521637113247116,28,189
Radioactive_Man_(comics),276,1.0,1,0,0.0,Radioactive Man (comics),11,0.002710304628001589,0.416289592760181,0.0024612493357597885,0.003622788951335132,0.0023522552923283405,-0.3879189160757868,105,190
Ravage_2099,276,1.0,1,0,0.0,Ravage 2099,4,0.000222520392281602,0.3865546218487395,0.00149236128725016,0.000584167117800908,0.0013550398631556563,-0.2668901006920141,197,191
Raza_Longknife,276,1.0,1,0,0.0,Raza Longknife,5,0.00047890647627815924,0.34892541087231355,0.0014558081148099596,0.0009219466999343336,0.0013935257905440318,-0.3179275379490549,175,192
Red_Guardian,276,1.0,1,0,0.0,Red Guardian,8,0.0027725036623929933,0.3828016643550624,0.003155070919588897,0.0019961965534511968,0.0016863938845323792,0.4603355811842611,103,193
Red_Raven_(Marvel_Comics),276,1.0,1,0,0.0,Red Raven (Dania),5,0.0017113045038595028,0.33617539585870887,0.0006580639582427408,0.0007467860921250235,0.0010929421835201335,0.8824971954399009,128,194
Red_Wolf_(comics),276,1.0,1,0,0.0,Red Wolf (comics),9,0.004439789789272259,0.39598278335724535,0.0011420713093387989,0.0025822087540486667,0.0022002020386583518,0.844277481151829,78,195
Redneck_(comics),276,1.0,1,0,0.0,Redneck (comics),1,0.0,0.24753363228699551,0.0005300214031699635,0.0,0.0,0.0,263,196
Ricochet_(comics),276,1.0,1,0,0.0,Ricochet (comics),6,0.0006386751333614714,0.4005805515239477,0.0010581851974225012,0.001210900058601635,0.0017721494880992732,-0.32289878990620935,163,197
Rikki_Barnes,276,1.0,1,0,0.0,Rikki Barnes,6,0.001411726600379519,0.33212996389891697,0.001690925139704967,0.0011557817945266177,0.0014079708485794274,0.18178274508391765,140,198
Robbie_Baldwin,276,1.0,1,0,0.0,Robbie Baldwin,15,0.0064702399557294505,0.4416,0.002562836415645855,0.006741737006429599,0.003339249664039428,-0.08130480737152307,62,199
Rocket_Raccoon,276,1.0,1,0,0.0,Rocket Raccoon,16,0.008134042801912685,0.4339622641509434,0.004791657686016458,0.007342586527554061,0.0034184448629488743,0.23152524205871933,52,200
Rockslide_(character),276,1.0,1,0,0.0,Rockslide (character),7,0.00034910202508571547,0.38333333333333336,0.0010097998609808435,0.0014322367513458236,0.0014572393551345168,-0.7432785303551761,186,201
Rom_the_Space_Knight,276,1.0,1,0,0.0,Rom the Space Knight,15,0.010059905505742742,0.4150375939849624,0.003626199802052276,0.0066184645650767685,0.002932363299801211,1.173606606282132,40,202
Ronin_(Marvel_Comics),276,1.0,1,0,0.0,Ronin (Marvel Comics),7,0.0017374296061941745,0.39655172413793105,0.0021953905840537075,0.0015801221823878969,0.0015963670822799988,0.09854088420666035,127,203
Ruby_Summers,276,1.0,1,0,0.0,Ruby Summers,2,0.0,0.31542857142857145,0.0005300214031699635,0.00019812744705174822,0.0010126370316230562,-0.1956549492706081,264,204
Rusty_Collins,276,1.0,1,0,0.0,Rusty Collins,4,0.0001839701837903502,0.3289630512514899,0.001541301356892791,0.0004783794132236889,0.0008059973392019451,-0.3652732026694365,203,205
Sabra_(character),276,1.0,1,0,0.0,Sabra (character),10,0.004136403672644219,0.42201834862385323,0.0011005782435979002,0.0030231966134379945,0.001987249307029826,0.560174838289435,83,206
Satana_(Marvel_Comics),276,1.0,1,0,0.0,Satana (Marvel Comics),10,0.00048134894249588997,0.4125560538116592,0.0029616421893600454,0.0029102058851836854,0.002044227408693467,-1.188153985392534,174,207
Scarlet_Scarab,276,1.0,1,0,0.0,Scarlet Scarab,2,8.379261047245237e-05,0.3333333333333333,0.0005300214031699635,0.00015479480557213022,0.000743353255896926,-0.09551608812691213,223,208
Scarlet_Spider,276,1.0,1,0,0.0,Scarlet Spider,8,0.001088617637313789,0.3948497854077253,0.008639749767442938,0.001890276020816538,0.0015939137898173018,-0.502949650491848,151,209
Scarlet_Witch,276,1.0,1,0,0.0,Scarlet Witch,32,0.02434413623096369,0.4750430292598967,0.012886612751302772,0.025931448835240963,0.005416420332844051,-0.29305565423941277,11,210
Scorpio_(Marvel_Comics),276,1.0,1,0,0.0,Scorpio (Marvel Comics),2,0.0,0.39038189533239037,0.0005300214031699635,0.0001733456461910227,0.0008866519378455055,-0.19550585612234603,265,211
Sentry_(Robert_Reynolds),276,1.0,1,0,0.0,Sentry (Robert Reynolds),12,0.003383995630888037,0.4265842349304482,0.004972671587022414,0.004411227843282554,0.002844757450010114,-0.36109658923324556,94,212
Shamrock_(comics),276,1.0,1,0,0.0,Shamrock (comics),8,0.0008074398242091887,0.3796423658872077,0.0005300214031699635,0.002230873181479148,0.002233504546732989,-0.6373093618063397,158,213
Shatterstar,276,1.0,1,0,0.0,Shatterstar,5,0.0012585575631756814,0.32857142857142857,0.0021601915829907977,0.0007323081241017924,0.0009701307691431782,0.542452065033123,146,214
She-Hulk,276,1.0,1,0,0.0,She-Hulk,37,0.0398037765336183,0.4816753926701571,0.012177549718325334,0.03375793938444031,0.005663594789010843,1.067491120817616,6,215
She-Hulk_(Lyra),276,1.0,1,0,0.0,She-Hulk (Lyra),6,9.782523663016572e-05,0.4169184290030212,0.003427241785726002,0.0010941335228458172,0.0015829297424321891,-0.6294077743999003,218,216
Anne_Weying,276,1.0,1,0,0.0,She-Venom (Patricia Robertson),5,8.454634741728317e-05,0.3954154727793696,0.0016776774668428454,0.0007522412405142314,0.001412495326280378,-0.47270591319777,222,217
Shuri_(character),276,1.0,1,0,0.0,Shuri (character),10,0.0018483395257376542,0.42724458204334365,0.0031316974400087687,0.0030492478372054306,0.0023625332137903314,-0.5083138321433791,123,218
Silencer_(comics),276,1.0,1,0,0.0,Silencer (comics),2,1.3759691528354367e-05,0.33948339483394835,0.0005300214031699635,0.00021916308157130633,0.0010238962642707358,-0.20060957072565289,239,219
Silhouette_(comics),276,1.0,1,0,0.0,Silhouette (comics),2,0.0,0.3812154696132597,0.0005300214031699635,0.0001369402086597253,0.0007302218872084086,-0.18753232552811985,266,220
Silk_(character),276,1.0,1,0,0.0,Silk (character),12,0.0016697164766930567,0.39598278335724535,0.009774241561630058,0.0044991700857565636,0.002910862113980369,-0.972032854278507,130,221
Skull_the_Slayer,276,1.0,1,0,0.0,Skull the Slayer,3,0.00013189611686267473,0.32167832167832167,0.0006835554307370675,0.0002893838039430056,0.0007102900805327554,-0.2217230556876237,212,222
Solo_(Marvel_Comics),276,1.0,1,0,0.0,Solo (Marvel Comics),13,0.008448384960589231,0.41818181818181815,0.0007733059856300339,0.004858880517960582,0.00285415421312751,1.2576420804870811,46,223
Solomon_Kane_(comics),276,1.0,1,0,0.0,Solomon Kane (comics),1,0.0,0.31981460023174973,0.0005300214031699635,0.0,0.0,0.0,267,224
Speed_(character),276,1.0,1,0,0.0,Speed (character),7,0.0009875636278603485,0.37398373983739835,0.0019093427863779199,0.0014811338902724902,0.0014552541619434981,-0.33916430223637123,153,225
Spider-Bitch_(Ashley_Barton),276,1.0,1,0,0.0,Spider-Bitch (Ashley Barton),16,0.0027612168115109486,0.4380952380952381,0.0011368603600052326,0.00722249561385068,0.0035762561141695157,-1.2474718420371684,104,226
Spider-Girl,276,1.0,1,0,0.0,Spider-Girl,14,0.0018389525098775933,0.40828402366863903,0.0025294438014414724,0.005959505530870509,0.0029817716740750707,-1.3819143352990264,124,227
Spider-Man_(Marvel_Mangaverse),276,1.0,1,0,0.0,Spider-Man (Marvel Mangaverse),3,0.0,0.38016528925619836,0.0005300214031699635,0.00027130433027832725,0.0007520838739175798,-0.3607368003585984,268,228
Spider-Man_Noir,276,1.0,1,0,0.0,Spider-Man Noir,9,0.0005437396552979368,0.39655172413793105,0.008999775688529974,0.0025750900134934927,0.001974712849507835,-1.0286813896520888,168,229
Spider-UK,276,1.0,1,0,0.0,Spider-UK,8,0.0002150317139993954,0.38873239436619716,0.006132621520359417,0.0019437695263900658,0.001647016847680817,-1.0496175645227463,199,230
Spider-Woman,276,1.0,1,0,0.0,Spider-Woman,17,0.002986675928767861,0.416289592760181,0.006040566696716627,0.007827916461173909,0.0027968565643358687,-1.7309577452555673,100,231
Spider-Woman_(Gwen_Stacy),276,1.0,1,0,0.0,Spider-Woman (Gwen Stacy),18,0.00559454441050461,0.40588235294117647,0.010338985200128001,0.009175220257651287,0.0032235559449157393,-1.110784459253513,66,232
Spider-Woman_(Jessica_Drew),276,1.0,1,0,0.0,Spider-Woman (Jessica Drew),22,0.007340907497792916,0.43260188087774293,0.007078716823000467,0.01297222618475146,0.0037227124848368187,-1.5126923472859568,56,233
Spitfire_(character),276,1.0,1,0,0.0,Spitfire (character),6,0.0013183216673845852,0.33865030674846625,0.002996586568306392,0.0012701111960167495,0.0016275377767696584,0.029621721877033186,141,234
Star_Brand,276,1.0,1,0,0.0,Star Brand,16,0.014780366029678853,0.4029197080291971,0.003494124220606266,0.007248021060791529,0.002920602303533222,2.5790382209090943,27,235
Star-Lord,276,1.0,1,0,0.0,Star-Lord,17,0.00828251891492216,0.4423076923076923,0.00550767052459589,0.00825221294753075,0.0033801097072509085,0.008965971526426543,49,236
Starhawk_(character),276,1.0,1,0,0.0,Starhawk (character),6,0.00023149741216156377,0.3471698113207547,0.0008729007363234193,0.0011399113226567119,0.0015213272479132945,-0.5971193323074705,194,237
Starr_the_Slayer,276,1.0,1,0,0.0,Starr the Slayer,3,0.0,0.2905263157894737,0.0012703756256656463,0.00031653434766861096,0.0010211663475533136,-0.30997334413439936,269,238
Steel_Spider,276,1.0,1,0,0.0,Steel Spider,4,6.618181506745062e-05,0.38016528925619836,0.0009243970198111558,0.000575327312138987,0.001123356203378636,-0.45323602214526154,224,239
Stingray_(Marvel_Comics),276,1.0,1,0,0.0,Stingray (Marvel Comics),8,0.0035536623845748507,0.39655172413793105,0.0006426509354145066,0.0020683843646739897,0.0018886439584650892,0.7864256326575996,91,240
Storm_(Marvel_Comics),276,1.0,1,0,0.0,Storm (Marvel Comics),27,0.009130319124596192,0.45394736842105265,0.009278390997254492,0.01902961799130902,0.005047410584801515,-1.9612628496126412,43,241
Straw_Man_(comics),276,1.0,1,0,0.0,Straw Man (comics),2,0.0,0.34328358208955223,0.0005300214031699635,0.0002083448268118044,0.0010202866015853076,-0.2042022569815981,270,242
Surge_(Marvel_Comics),276,1.0,1,0,0.0,Surge (Marvel Comics),5,4.7601083211015586e-05,0.3607843137254902,0.000889470484848602,0.0008625417052613915,0.0012115649275627593,-0.6726347086406245,232,243
Synapse_(character),276,1.0,1,0,0.0,Synapse (character),2,3.110564783532648e-05,0.3157894736842105,0.0011220666237726008,0.00013688061589457086,0.0007236861933464857,-0.1461613735783979,237,244
Tarantula_(Marvel_Comics),276,1.0,1,0,0.0,Tarantula (Marvel Comics),13,0.004774771052617009,0.40588235294117647,0.0023276254591909464,0.005011263593667726,0.002764486067078407,-0.08554665688753113,70,245
The_Union_(Marvel),276,1.0,1,0,0.0,The Union (Marvel),2,0.0,0.266152362584378,0.0015324956838962305,0.00018562578185998807,0.0008894893187274982,-0.20868803925104348,271,246
The_Witness_(character),276,1.0,1,0,0.0,The Witness (character),1,0.0,0.24041811846689895,0.0007552804676590498,0.0,0.0,0.0,272,247
Thena,276,1.0,1,0,0.0,Thena,3,0.0,0.2768304914744233,0.001088571224615398,0.0004508875257217462,0.001346397533511232,-0.33488439669514947,273,248
Thin_Man_(character),276,1.0,1,0,0.0,Thin Man (character),4,0.0003570384222088725,0.31833910034602075,0.0007521553652146176,0.0005189894471425862,0.0011956251923120214,-0.13545300481712283,184,249
Thor_Girl,276,1.0,1,0,0.0,Thor Girl,4,0.000671023014561754,0.3520408163265306,0.0015763632241622303,0.0007210595601103824,0.001239015055192358,-0.04038413039368608,162,250
Thunderbolt_(Marvel_Comics),276,1.0,1,0,0.0,Thunderbolt (Marvel Comics),2,0.0,0.3250883392226148,0.0005300214031699635,8.623903961541262e-05,0.00022343932013396098,-0.385961788478898,274,251
Thunderclap_(comics),276,1.0,1,0,0.0,Thunderclap (comics),1,0.0,0.37347767253044656,0.0005300214031699635,0.0,0.0,0.0,275,252
Timeslip_(comics),276,1.0,1,0,0.0,Timeslip (comics),2,0.0,0.33495145631067963,0.0006976106508428525,0.00013572614411249193,0.0007269011209369215,-0.1867188537796599,276,253
Toro_(character),276,1.0,1,0,0.0,Toro (character),7,0.003379208301692016,0.3909348441926346,0.002178973933035126,0.0016955194167784047,0.0017833794324979197,0.9441002033736167,95,254
Two-Gun_Kid,276,1.0,1,0,0.0,Two-Gun Kid,6,0.0015135949884659138,0.345,0.001485762302382888,0.0010447505304013957,0.0012639918914869063,0.3709236279300727,135,255
Typeface_(character),276,1.0,1,0,0.0,Typeface (character),4,0.00014855345386262232,0.39260312944523473,0.0005847919474219108,0.0005338405139474196,0.0011192342850100373,-0.3442416527486397,210,256
U.S._Agent,276,1.0,1,0,0.0,U.S. Agent,21,0.025459877680132557,0.45098039215686275,0.0022128709810483923,0.011750940678148311,0.003891420925383051,3.522861511219018,10,257
Ulysses_Bloodstone,276,1.0,1,0,0.0,Ulysses Bloodstone,3,3.194147663457126e-05,0.3378212974296206,0.000775363602047788,0.0002623909059058941,0.0007490262877398727,-0.30766534238295656,236,258
Union_Jack_(Joseph_Chapman),276,1.0,1,0,0.0,Union Jack (Joseph Chapman),7,0.0037741093110523123,0.33658536585365856,0.002653893492303776,0.001830095434240891,0.002101028115067609,0.9252679023521133,89,259
Union_Jack_(Marvel_Comics),276,1.0,1,0,0.0,Union Jack (Marvel Comics),8,0.005406870241694389,0.350253807106599,0.0036794086767443107,0.0020553251621894756,0.0017390824786516104,1.9271915625896698,67,260
Ursa_Major_(character),276,1.0,1,0,0.0,Ursa Major (character),4,0.0003491185396362364,0.38016528925619836,0.0005300214031699635,0.000520366098507609,0.0010460782699474851,-0.1637043458325251,185,261
Vance_Astrovik,276,1.0,1,0,0.0,Vance Astrovik,11,0.004184069688164738,0.37551020408163266,0.0012424244457530705,0.0036547841956509936,0.00241788028730064,0.21890475524933756,81,262
Venom_(character),276,1.0,1,0,0.0,Venom (character),29,0.013153420980705348,0.46308724832214765,0.01366147439010725,0.02218085163839137,0.005137556643755333,-1.7571447447998079,30,263
Vindicator_(comics),276,1.0,1,0,0.0,Vindicator (comics),6,0.0016535905998772411,0.34980988593155893,0.0031916227288084037,0.0011978533990561185,0.0016118055431531726,0.28274949342187067,131,264
Vulcan_(Marvel_Comics),276,1.0,1,0,0.0,Vulcan (Marvel Comics),11,0.0016935268322920969,0.37347767253044656,0.004929364929959642,0.003446588747334479,0.002195147244429878,-0.7986078927009227,129,265
Werewolf_by_Night,276,1.0,1,0,0.0,Werewolf by Night,15,0.00867480725683697,0.43328100470957615,0.0039439538018920745,0.006355138617935427,0.003046874281939657,0.7613273224469335,45,266
White_Tiger_(Heroes_for_Hire),276,1.0,1,0,0.0,White Tiger (Heroes for Hire),3,0.0,0.3231850117096019,0.000796305904299731,0.00023225051788237187,0.00034802956389779947,-0.6673298534792674,277,267
White_Tiger_(comics),276,1.0,1,0,0.0,White Tiger (comics),5,0.0008680370763527978,0.3898305084745763,0.0015662935995652987,0.0008064472978296877,0.0012056753760200979,0.051083218375427265,155,268
Whizzer_(Robert_Frank),276,1.0,1,0,0.0,Whizzer (Robert Frank),8,0.0024740020154788087,0.3709677419354839,0.003533005804342013,0.002151937913829832,0.0017948182545135445,0.1794410664361482,109,269
Wild_Child_(character),276,1.0,1,0,0.0,Wild Child (character),3,0.0003008236984393965,0.3471698113207547,0.0005300214031699635,0.00027516604896595377,0.001155756474668675,0.022199875177682325,190,270
Will_o'_the_Wisp_(comics),276,1.0,1,0,0.0,Will o' the Wisp (comics),3,3.3438853876092887e-05,0.38386648122392214,0.0007498520310787369,0.0003979395905784406,0.0011249921608695007,-0.32400291253641,234,271
William_Burnside_(character),276,1.0,1,0,0.0,William Burnside (character),5,0.0038796502535821706,0.3881856540084388,0.0017612098212628764,0.00089073233314198,0.0013818665018633033,2.1629570703175345,88,272
Wolverine_(Ultimate_Marvel_character),276,1.0,1,0,0.0,Wolverine (Ultimate Marvel character),11,0.002898867293722745,0.4011627906976744,0.004711355074004735,0.003637651889124833,0.002142388235113517,-0.34484160400691455,102,273
Wolverine_(character),276,1.0,1,0,0.0,Wolverine (character),63,0.09247007767117231,0.523719165085389,0.025926158491162945,0.08765791806994423,0.00820786761787496,0.5862862104096604,3,274
Xorn,276,1.0,1,0,0.0,Xorn,9,0.00047559512762830814,0.423963133640553,0.0029432749834502107,0.002453694620406633,0.001863302144257215,-1.0616096261547923,176,275
Yelena_Belova,276,1.0,1,0,0.0,Yelena Belova,7,0.0004925769791059395,0.360313315926893,0.0021841571311393294,0.0016248094419901203,0.0018406511203818547,-0.6151260553109554,172,276
Zombie_(comics),276,1.0,1,0,0.0,Zombie (comics),4,4.908425063267985e-05,0.35159235668789807,0.0005300214031699635,0.0004976303390052436,0.0009228963185808154,-0.4860200212547341,230,277
